#
# A fatal error has been detected by the Java Runtime Environment:
#
#  Internal Error (concurrentHashTable.inline.hpp:678), pid=23546, tid=23560
#  fatal error: aux_index does not match even or odd indices
#
# JRE version: OpenJDK Runtime Environment (17.0.15+6) (build 17.0.15+6-Ubuntu-0ubuntu120.04)
# Java VM: OpenJDK 64-Bit Server VM (17.0.15+6-Ubuntu-0ubuntu120.04, mixed mode, sharing, tiered, compressed oops, compressed class ptrs, g1 gc, linux-amd64)
# Problematic frame:
# V  [libjvm.so+0xe5aa75]  SymbolTable::grow(JavaThread*)+0x7f5
#
# Core dump will be written. Default location: Core dumps may be processed with "/usr/share/apport/apport -p%p -s%s -c%c -d%d -P%P -u%u -g%g -F%F -- %E" (or dumping to /home/link-lap-12/Music/other/bhimaPureApp/BhimaPure/android/core.23546)
#
# If you would like to submit a bug report, please visit:
#   https://bugs.launchpad.net/ubuntu/+source/openjdk-17
#

---------------  S U M M A R Y ------------

Command Line: --add-opens=java.base/java.lang=ALL-UNNAMED --add-opens=java.base/java.lang.invoke=ALL-UNNAMED --add-opens=java.base/java.util=ALL-UNNAMED --add-opens=java.prefs/java.util.prefs=ALL-UNNAMED --add-exports=jdk.compiler/com.sun.tools.javac.api=ALL-UNNAMED --add-exports=jdk.compiler/com.sun.tools.javac.util=ALL-UNNAMED --add-opens=java.base/java.util=ALL-UNNAMED --add-opens=java.prefs/java.util.prefs=ALL-UNNAMED --add-opens=java.base/java.nio.charset=ALL-UNNAMED --add-opens=java.base/java.net=ALL-UNNAMED --add-opens=java.base/java.util.concurrent=ALL-UNNAMED --add-opens=java.base/java.util.concurrent.atomic=ALL-UNNAMED --add-opens=java.xml/javax.xml.namespace=ALL-UNNAMED -XX:MaxMetaspaceSize=512m -Xmx2048m -Dfile.encoding=UTF-8 -Duser.country=US -Duser.language=en -Duser.variant -javaagent:/home/link-lap-12/.gradle/wrapper/dists/gradle-9.0.0-bin/d6wjpkvcgsg3oed0qlfss3wgl/gradle-9.0.0/lib/agents/gradle-instrumentation-agent-9.0.0.jar org.gradle.launcher.daemon.bootstrap.GradleDaemon 9.0.0

Host: Intel(R) Core(TM) i3-10110U CPU @ 2.10GHz, 4 cores, 15G, Ubuntu 20.04.6 LTS
Time: Thu Jul  9 11:35:17 2026 IST elapsed time: 318.162707 seconds (0d 0h 5m 18s)

---------------  T H R E A D  ---------------

Current thread (0x00007fe47c1766a0):  JavaThread "Service Thread" daemon [_thread_in_vm, id=23560, stack(0x00007fe460dda000,0x00007fe460edb000)]

Stack: [0x00007fe460dda000,0x00007fe460edb000],  sp=0x00007fe460ed9b70,  free space=1022k
Native frames: (J=compiled Java code, j=interpreted, Vv=VM code, C=native code)
V  [libjvm.so+0xe5aa75]  SymbolTable::grow(JavaThread*)+0x7f5
V  [libjvm.so+0xe5b1b5]  SymbolTable::do_concurrent_work(JavaThread*)+0xa5
V  [libjvm.so+0xcf6bac]  ServiceThread::service_thread_entry(JavaThread*, JavaThread*)+0x4dc
V  [libjvm.so+0xeb2a5e]  JavaThread::thread_main_inner()+0x19e
V  [libjvm.so+0xeb639e]  Thread::call_run()+0xae
V  [libjvm.so+0xc3df7b]  thread_native_entry(Thread*)+0xeb

Registers:
RAX=0x00007fe483bd1000, RBX=0x00007fe3ced5dd20, RCX=0x00007fe483603cf8, RDX=0x00000000000002a6
RSP=0x00007fe460ed9b70, RBP=0x00007fe460ed9ca0, RSI=0x00007fe483603d28, RDI=0x00000000e0000000
R8 =0x00007fe3f43d4850, R9 =0x0000000000000cbd, R10=0x00007fe4180008d0, R11=0x00007fe418000080
R12=0x0000000000000000, R13=0x00007fe3b819f050, R14=0x00007fe4001b1200, R15=0x00007fe47c155640
RIP=0x00007fe483416a75, EFLAGS=0x0000000000010246, CSGSFS=0x002b000000000033, ERR=0x0000000000000006
  TRAPNO=0x000000000000000e

XMM[0]=0x0000000000000000 0x0000004000001000
XMM[1]=0x0000000000000000 0x0000000000000040
XMM[2]=0x0000000000000000 0x00000000000000ff
XMM[3]=0x0000000000000000 0x00007fe4180000a0
XMM[4]=0x0000000000000000 0x00007fe418000080
XMM[5]=0x00007fe418000b90 0x0000000000000008
XMM[6]=0x000055a3518b6d50 0x0000000000000004
XMM[7]=0x00007fe483bb9210 0x00007fe4838b4f90
XMM[8]=0x74696e6f6d202020 0x2020202020202000
XMM[9]=0x0000000000000000 0x0000000000000000
XMM[10]=0x050415081304090f 0x281504063e13040d
XMM[11]=0x240ca1cc0fc19dc6 0xefbe4786e49b69c1
XMM[12]=0xc19bf1749bdc06a7 0x80deb1fe72be5d74
XMM[13]=0x550c7dc3243185be 0x12835b01d807aa98
XMM[14]=0xab1c5ed5923f82a4 0x59f111f13956c25b
XMM[15]=0xe9b5dba5b5c0fbcf 0x71374491428a2f98
  MXCSR=0x00001fa0


Register to memory mapping:

RAX=0x00007fe483bd1000 points into unknown readable memory: 0x0000000000000058 | 58 00 00 00 00 00 00 00
RBX=0x00007fe3ced5dd20 points into unknown readable memory: 0x00007fe3cec27790 | 90 77 c2 ce e3 7f 00 00
RCX=0x00007fe483603cf8: <offset 0x0000000001047cf8> in /usr/lib/jvm/java-17-openjdk-amd64/lib/server/libjvm.so at 0x00007fe4825bc000
RDX=0x00000000000002a6 is an unknown value
RSP=0x00007fe460ed9b70 is pointing into the stack for thread: 0x00007fe47c1766a0
RBP=0x00007fe460ed9ca0 is pointing into the stack for thread: 0x00007fe47c1766a0
RSI=0x00007fe483603d28: <offset 0x0000000001047d28> in /usr/lib/jvm/java-17-openjdk-amd64/lib/server/libjvm.so at 0x00007fe4825bc000
RDI=0x00000000e0000000 is an unallocated location in the heap
R8 =0x00007fe3f43d4850 points into unknown readable memory: 0x00007fe3f4270b20 | 20 0b 27 f4 e3 7f 00 00
R9 =0x0000000000000cbd is an unknown value
R10=0x00007fe4180008d0 points into unknown readable memory: 0x0007000600070006 | 06 00 07 00 06 00 07 00
R11=0x00007fe418000080 points into unknown readable memory: 0x00007fe41874e990 | 90 e9 74 18 e4 7f 00 00
R12=0x0 is NULL
R13=0x00007fe3b819f050 points into unknown readable memory: 0x00007fe3ce81fd60 | 60 fd 81 ce e3 7f 00 00
R14=0x00007fe4001b1200 points into unknown readable memory: 0x00007fe3ce81fd60 | 60 fd 81 ce e3 7f 00 00
R15=0x00007fe47c155640 points into unknown readable memory: 0x0000000000000000 | 00 00 00 00 00 00 00 00


Top of Stack: (sp=0x00007fe460ed9b70)
0x00007fe460ed9b70:   00007fe460ed9ca0 00007fe460ed9c30
0x00007fe460ed9b80:   00007fe460ed9be0 00007fe460ed9c08
0x00007fe460ed9b90:   00007fe47c176930 0000000000006000
0x00007fe460ed9ba0:   0000000000000001 00007fe47c016660
0x00007fe460ed9bb0:   000000000006f230 000000000000de46
0x00007fe460ed9bc0:   000000000002f230 00007fe418000b60
0x00007fe460ed9bd0:   00007fe47c1766a0 0000000000005e46
0x00007fe460ed9be0:   0000000000000000 00007fe47c1766a0
0x00007fe460ed9bf0:   00007fe460ed9be0 00007fe47c016600
0x00007fe460ed9c00:   00007fe47c155640 0000000000000006
0x00007fe460ed9c10:   000000000000000c 0000000000000008
0x00007fe460ed9c20:   000000000000000f 00007fe483505800
0x00007fe460ed9c30:   0000000000000100 0000000000000000
0x00007fe460ed9c40:   00007fe47c016650 00007fe460eda600
0x00007fe460ed9c50:   00007fe47c1766a0 00007fe483603bb8
0x00007fe460ed9c60:   0000000000000000 00007fe4832ae0e8
0x00007fe460ed9c70:   00007fe4838ba644 0000000000000000
0x00007fe460ed9c80:   00007fe47c1766a0 00007fe47c1766a0
0x00007fe460ed9c90:   00007fe4838ba644 00007fe47c016620
0x00007fe460ed9ca0:   00007fe460ed9cd0 00007fe4834171b5
0x00007fe460ed9cb0:   0000000000002eb5 0000000000000000
0x00007fe460ed9cc0:   0000000000000000 0000000000000000
0x00007fe460ed9cd0:   00007fe460ed9db0 00007fe4832b2bac
0x00007fe460ed9ce0:   00007fe47c1766a0 00007fe460ed9d20
0x00007fe460ed9cf0:   00007fe460ed9d60 00007fe47c176930
0x00007fe460ed9d00:   00007fe47c1766a0 000000e460ed9d80
0x00007fe460ed9d10:   0000000000000000 0000000000010001
0x00007fe460ed9d20:   00007fe48391802c 00007fe483b5367f
0x00007fe460ed9d30:   0000000000000138 00007fe460ed9d9c
0x00007fe460ed9d40:   0000000000000000 000000008f715508
0x00007fe460ed9d50:   00007fe460ed9d80 11566b2f282c6900
0x00007fe460ed9d60:   0000000000000000 00007fe47c1766a0 

Instructions: (pc=0x00007fe483416a75)
0x00007fe483416975:   8d 4b 48 31 c0 48 87 01 48 8b 43 08 48 8b 48 08
0x00007fe483416985:   48 89 b2 f8 00 00 00 be 01 00 00 00 48 8b 05 80
0x00007fe483416995:   f1 50 00 48 d3 e6 48 89 35 36 f0 50 00 48 85 c0
0x00007fe4834169a5:   0f 84 30 f9 ff ff 48 8d 3d 0b d2 1e 00 31 c0 e8
0x00007fe4834169b5:   87 0a 00 00 e9 1d f9 ff ff 66 90 48 8d 05 e1 20
0x00007fe4834169c5:   50 00 48 8b 38 48 85 ff 0f 84 fd 00 00 00 4c 89
0x00007fe4834169d5:   8d 00 ff ff ff 48 89 bd 08 ff ff ff e8 fa b4 d9
0x00007fe4834169e5:   ff 4c 8b 8d 00 ff ff ff ba 02 00 00 00 48 8b bd
0x00007fe4834169f5:   08 ff ff ff 41 0f b7 41 04 83 f8 02 0f 4c c2 83
0x00007fe483416a05:   c0 0d 48 c1 e8 03 4d 85 c9 74 14 48 8b 15 09 eb
0x00007fe483416a15:   50 00 4c 01 c8 48 39 42 18 0f 84 3c 01 00 00 e8
0x00007fe483416a25:   f7 b5 d9 ff e9 b8 fc ff ff 66 90 49 8b 55 00 48
0x00007fe483416a35:   89 d8 48 83 e0 fc 83 e2 03 48 09 d0 4d 89 e6 49
0x00007fe483416a45:   89 45 00 45 31 e4 e9 43 fc ff ff 48 8d 05 f1 28
0x00007fe483416a55:   4a 00 ba a6 02 00 00 45 31 e4 48 8d 0d 92 d2 1e
0x00007fe483416a65:   00 48 8d 35 bb d2 1e 00 bf 00 00 00 e0 48 8b 00
0x00007fe483416a75:   c6 00 58 31 c0 e8 21 58 7b ff e8 0c e2 dd ff e9
0x00007fe483416a85:   0a fc ff ff 0f 1f 80 00 00 00 00 48 8b 3d 29 ef
0x00007fe483416a95:   50 00 44 89 ca 89 8d 08 ff ff ff e8 fb f4 56 ff
0x00007fe483416aa5:   8b 8d 08 ff ff ff 89 c0 e9 b4 fb ff ff 66 0f 1f
0x00007fe483416ab5:   44 00 00 4c 89 cf e8 10 b2 ff ff 4d 8b 4c 24 08
0x00007fe483416ac5:   e9 fe fb ff ff 66 0f 1f 44 00 00 41 0f b7 41 04
0x00007fe483416ad5:   ba 02 00 00 00 83 f8 02 0f 4c c2 83 c0 0d 48 c1
0x00007fe483416ae5:   e8 03 4d 85 c9 0f 84 f6 fb ff ff 48 8b 15 29 ea
0x00007fe483416af5:   50 00 4c 01 c8 48 39 42 18 0f 85 e2 fb ff ff 4c
0x00007fe483416b05:   89 4a 18 e9 d9 fb ff ff 48 8b 85 50 ff ff ff 48
0x00007fe483416b15:   8b 18 48 85 db 74 14 48 8b 3b 48 85 ff 74 0c e8
0x00007fe483416b25:   e7 b4 d9 ff 48 c7 03 00 00 00 00 48 8b bd 48 ff
0x00007fe483416b35:   ff ff 0f b6 85 58 ff ff ff 48 8b 97 40 03 00 00
0x00007fe483416b45:   83 e2 01 0f 84 3a fd ff ff 0f b6 f0 e8 9a 76 e9
0x00007fe483416b55:   ff e9 2d fd ff ff 0f 1f 44 00 00 4c 89 4a 18 e9
0x00007fe483416b65:   bb fe ff ff 90 66 0f 1f 44 00 00 f3 0f 1e fa 55 


Stack slot to memory mapping:
stack at sp + 0 slots: 0x00007fe460ed9ca0 is pointing into the stack for thread: 0x00007fe47c1766a0
stack at sp + 1 slots: 0x00007fe460ed9c30 is pointing into the stack for thread: 0x00007fe47c1766a0
stack at sp + 2 slots: 0x00007fe460ed9be0 is pointing into the stack for thread: 0x00007fe47c1766a0
stack at sp + 3 slots: 0x00007fe460ed9c08 is pointing into the stack for thread: 0x00007fe47c1766a0
stack at sp + 4 slots: 0x00007fe47c176930 points into unknown readable memory: 0x0000000000000000 | 00 00 00 00 00 00 00 00
stack at sp + 5 slots: 0x0000000000006000 is an unknown value
stack at sp + 6 slots: 0x0000000000000001 is an unknown value
stack at sp + 7 slots: 0x00007fe47c016660 points into unknown readable memory: 0x0000000000000000 | 00 00 00 00 00 00 00 00


---------------  P R O C E S S  ---------------

Threads class SMR info:
_java_thread_list=0x00007fe3b8448240, length=109, elements={
0x00007fe47c01ab10, 0x00007fe47c16e740, 0x00007fe47c16fb20, 0x00007fe47c1752f0,
0x00007fe47c1766a0, 0x00007fe47c177ab0, 0x00007fe47c179460, 0x00007fe47c17a990,
0x00007fe47c183df0, 0x00007fe47c18f390, 0x00007fe47c256e40, 0x00007fe47d3427d0,
0x00007fe47d3af910, 0x00007fe47d3f4760, 0x00007fe3e8016bc0, 0x00007fe3e0003d20,
0x00007fe3e000a480, 0x00007fe3e0005710, 0x00007fe3cc009410, 0x00007fe3cc00c8f0,
0x00007fe3cc016670, 0x00007fe3cc1b8dd0, 0x00007fe3cc1bc940, 0x00007fe3cc279c10,
0x00007fe3cc610e10, 0x00007fe3cc9660e0, 0x00007fe3cca536c0, 0x00007fe3cd1ab6d0,
0x00007fe3ccd73070, 0x00007fe3ccd6fe90, 0x00007fe3ccf38cd0, 0x00007fe3ccd057c0,
0x00007fe3cd041600, 0x00007fe3cd144680, 0x00007fe3cc9c72c0, 0x00007fe3cc9c8770,
0x00007fe3cc1f5ee0, 0x00007fe3ccff8be0, 0x00007fe3cc1f79f0, 0x00007fe3cc1f8a00,
0x00007fe3cdf239a0, 0x00007fe3cdf242f0, 0x00007fe3cdf252a0, 0x00007fe3cdf27740,
0x00007fe3cdf1b490, 0x00007fe3cdf1c300, 0x00007fe3cdf1dc30, 0x00007fe3cdf1eb10,
0x00007fe3cd43d7b0, 0x00007fe3cc690630, 0x00007fe3cd83de30, 0x00007fe3ec054ec0,
0x00007fe3ec056480, 0x00007fe3ec0601f0, 0x00007fe3ec0b9630, 0x00007fe3f411c450,
0x00007fe3f411cba0, 0x00007fe3f411dda0, 0x00007fe3f40ed770, 0x00007fe3f40eec90,
0x00007fe3f40ef700, 0x00007fe3f4175850, 0x00007fe3f4218780, 0x00007fe3f42199f0,
0x00007fe3f8002810, 0x00007fe3f8007400, 0x00007fe3f8008530, 0x00007fe3f80097c0,
0x00007fe3cd9d1660, 0x00007fe3cd9d2450, 0x00007fe3cd9d33f0, 0x00007fe3cc895800,
0x00007fe3cc896bb0, 0x00007fe3cc897e50, 0x00007fe3ccf2eac0, 0x00007fe3ccf2f590,
0x00007fe3ccf30510, 0x00007fe3cc255960, 0x00007fe3cc36e370, 0x00007fe3cc439b90,
0x00007fe3f425fb40, 0x00007fe3f4260710, 0x00007fe3f4261670, 0x00007fe3ccf48e20,
0x00007fe3ce871850, 0x00007fe3b8667790, 0x00007fe3f408fb10, 0x00007fe400067a70,
0x00007fe3b838d140, 0x00007fe3f407fe30, 0x00007fe3e8079340, 0x00007fe3f80b6960,
0x00007fe3f811b900, 0x00007fe3f8123de0, 0x00007fe3f8125770, 0x00007fe3f8136500,
0x00007fe3f8137440, 0x00007fe414071870, 0x00007fe3d4078c80, 0x00007fe41426f6f0,
0x00007fe414091240, 0x00007fe41408c590, 0x00007fe41408e380, 0x00007fe414075ec0,
0x00007fe3f40c6750, 0x00007fe3f4667c20, 0x00007fe3f4314220, 0x00007fe3f43151a0,
0x00007fe3b8490d30
}

Java Threads: ( => current thread )
  0x00007fe47c01ab10 JavaThread "main" [_thread_blocked, id=23547, stack(0x00007fe482165000,0x00007fe482266000)]
  0x00007fe47c16e740 JavaThread "Reference Handler" daemon [_thread_blocked, id=23557, stack(0x00007fe4801b9000,0x00007fe4802ba000)]
  0x00007fe47c16fb20 JavaThread "Finalizer" daemon [_thread_blocked, id=23558, stack(0x00007fe4800b8000,0x00007fe4801b9000)]
  0x00007fe47c1752f0 JavaThread "Signal Dispatcher" daemon [_thread_blocked, id=23559, stack(0x00007fe460edb000,0x00007fe460fdc000)]
=>0x00007fe47c1766a0 JavaThread "Service Thread" daemon [_thread_in_vm, id=23560, stack(0x00007fe460dda000,0x00007fe460edb000)]
  0x00007fe47c177ab0 JavaThread "Monitor Deflation Thread" daemon [_thread_blocked, id=23561, stack(0x00007fe460cd9000,0x00007fe460dda000)]
  0x00007fe47c179460 JavaThread "C2 CompilerThread0" daemon [_thread_blocked, id=23562, stack(0x00007fe460bd8000,0x00007fe460cd9000)]
  0x00007fe47c17a990 JavaThread "C1 CompilerThread0" daemon [_thread_blocked, id=23563, stack(0x00007fe460ad7000,0x00007fe460bd8000)]
  0x00007fe47c183df0 JavaThread "Sweeper thread" daemon [_thread_blocked, id=23564, stack(0x00007fe4609d6000,0x00007fe460ad7000)]
  0x00007fe47c18f390 JavaThread "Common-Cleaner" daemon [_thread_blocked, id=23565, stack(0x00007fe4608d5000,0x00007fe4609d6000)]
  0x00007fe47c256e40 JavaThread "Notification Thread" daemon [_thread_blocked, id=23566, stack(0x00007fe4607d4000,0x00007fe4608d5000)]
  0x00007fe47d3427d0 JavaThread "Daemon health stats" [_thread_blocked, id=23577, stack(0x00007fe4605d2000,0x00007fe4606d3000)]
  0x00007fe47d3af910 JavaThread "Incoming local TCP Connector on port 46343" [_thread_in_native, id=23578, stack(0x00007fe451eff000,0x00007fe452000000)]
  0x00007fe47d3f4760 JavaThread "Daemon periodic checks" [_thread_blocked, id=23579, stack(0x00007fe451dfe000,0x00007fe451eff000)]
  0x00007fe3e8016bc0 JavaThread "Daemon" [_thread_blocked, id=23580, stack(0x00007fe451cfd000,0x00007fe451dfe000)]
  0x00007fe3e0003d20 JavaThread "Handler for socket connection from /127.0.0.1:46343 to /127.0.0.1:44364" [_thread_in_native, id=23581, stack(0x00007fe451bfc000,0x00007fe451cfd000)]
  0x00007fe3e000a480 JavaThread "Cancel handler" [_thread_blocked, id=23582, stack(0x00007fe451afb000,0x00007fe451bfc000)]
  0x00007fe3e0005710 JavaThread "Daemon worker" [_thread_blocked, id=23583, stack(0x00007fe4519fa000,0x00007fe451afb000)]
  0x00007fe3cc009410 JavaThread "Asynchronous log dispatcher for DefaultDaemonConnection: socket connection from /127.0.0.1:46343 to /127.0.0.1:44364" [_thread_blocked, id=23584, stack(0x00007fe4518f9000,0x00007fe4519fa000)]
  0x00007fe3cc00c8f0 JavaThread "Stdin handler" [_thread_blocked, id=23585, stack(0x00007fe4517f8000,0x00007fe4518f9000)]
  0x00007fe3cc016670 JavaThread "Daemon client event forwarder" [_thread_blocked, id=23586, stack(0x00007fe4516f7000,0x00007fe4517f8000)]
  0x00007fe3cc1b8dd0 JavaThread "Cache worker for journal cache (/home/link-lap-12/.gradle/caches/journal-1)" [_thread_blocked, id=23587, stack(0x00007fe4515f6000,0x00007fe4516f7000)]
  0x00007fe3cc1bc940 JavaThread "File lock request listener" [_thread_in_native, id=23588, stack(0x00007fe4514f5000,0x00007fe4515f6000)]
  0x00007fe3cc279c10 JavaThread "Cache worker for file hash cache (/home/link-lap-12/.gradle/caches/9.0.0/fileHashes)" [_thread_blocked, id=23589, stack(0x00007fe4513f4000,0x00007fe4514f5000)]
  0x00007fe3cc610e10 JavaThread "Cache worker for file hash cache (/home/link-lap-12/Music/other/bhimaPureApp/BhimaPure/android/.gradle/9.0.0/fileHashes)" [_thread_blocked, id=23594, stack(0x00007fe4511f2000,0x00007fe4512f3000)]
  0x00007fe3cc9660e0 JavaThread "Cache worker for Build Output Cleanup Cache (/home/link-lap-12/Music/other/bhimaPureApp/BhimaPure/android/.gradle/buildOutputCleanup)" [_thread_blocked, id=23595, stack(0x00007fe4510f1000,0x00007fe4511f2000)]
  0x00007fe3cca536c0 JavaThread "File watcher server" daemon [_thread_blocked, id=23596, stack(0x00007fe450ff0000,0x00007fe4510f1000)]
  0x00007fe3cd1ab6d0 JavaThread "File watcher consumer" daemon [_thread_blocked, id=23597, stack(0x00007fe450eef000,0x00007fe450ff0000)]
  0x00007fe3ccd73070 JavaThread "Cache worker for checksums cache (/home/link-lap-12/Music/other/bhimaPureApp/BhimaPure/android/.gradle/9.0.0/checksums)" [_thread_blocked, id=23598, stack(0x00007fe450dee000,0x00007fe450eef000)]
  0x00007fe3ccd6fe90 JavaThread "Cache worker for file content cache (/home/link-lap-12/.gradle/caches/9.0.0/fileContent)" [_thread_blocked, id=23599, stack(0x00007fe450ced000,0x00007fe450dee000)]
  0x00007fe3ccf38cd0 JavaThread "Cache worker for cache directory md-supplier (/home/link-lap-12/.gradle/caches/9.0.0/md-supplier)" [_thread_blocked, id=23602, stack(0x00007fe4509ea000,0x00007fe450aeb000)]
  0x00007fe3ccd057c0 JavaThread "Cache worker for cache directory md-rule (/home/link-lap-12/.gradle/caches/9.0.0/md-rule)" [_thread_blocked, id=23603, stack(0x00007fe4508e9000,0x00007fe4509ea000)]
  0x00007fe3cd041600 JavaThread "jar transforms" [_thread_blocked, id=23622, stack(0x00007fe4507e8000,0x00007fe4508e9000)]
  0x00007fe3cd144680 JavaThread "Cache worker for Build Output Cleanup Cache (/home/link-lap-12/Music/other/bhimaPureApp/BhimaPure/node_modules/@react-native/gradle-plugin/.gradle/buildOutputCleanup)" [_thread_blocked, id=23633, stack(0x00007fe4506e7000,0x00007fe4507e8000)]
  0x00007fe3cc9c72c0 JavaThread "Unconstrained build operations" [_thread_blocked, id=23641, stack(0x00007fe4505e6000,0x00007fe4506e7000)]
  0x00007fe3cc9c8770 JavaThread "Unconstrained build operations Thread 2" [_thread_blocked, id=23642, stack(0x00007fe4504e5000,0x00007fe4505e6000)]
  0x00007fe3cc1f5ee0 JavaThread "Unconstrained build operations Thread 3" [_thread_blocked, id=23643, stack(0x00007fe4503e4000,0x00007fe4504e5000)]
  0x00007fe3ccff8be0 JavaThread "Unconstrained build operations Thread 4" [_thread_blocked, id=23644, stack(0x00007fe4502e3000,0x00007fe4503e4000)]
  0x00007fe3cc1f79f0 JavaThread "Unconstrained build operations Thread 5" [_thread_blocked, id=23645, stack(0x00007fe4501e2000,0x00007fe4502e3000)]
  0x00007fe3cc1f8a00 JavaThread "Unconstrained build operations Thread 6" [_thread_blocked, id=23646, stack(0x00007fe4500e1000,0x00007fe4501e2000)]
  0x00007fe3cdf239a0 JavaThread "Unconstrained build operations Thread 7" [_thread_blocked, id=23648, stack(0x00007fe428eff000,0x00007fe429000000)]
  0x00007fe3cdf242f0 JavaThread "Unconstrained build operations Thread 8" [_thread_blocked, id=23649, stack(0x00007fe428dfe000,0x00007fe428eff000)]
  0x00007fe3cdf252a0 JavaThread "Unconstrained build operations Thread 9" [_thread_blocked, id=23650, stack(0x00007fe428cfd000,0x00007fe428dfe000)]
  0x00007fe3cdf27740 JavaThread "Unconstrained build operations Thread 10" [_thread_blocked, id=23651, stack(0x00007fe428bfc000,0x00007fe428cfd000)]
  0x00007fe3cdf1b490 JavaThread "Unconstrained build operations Thread 11" [_thread_blocked, id=23652, stack(0x00007fe428afb000,0x00007fe428bfc000)]
  0x00007fe3cdf1c300 JavaThread "Unconstrained build operations Thread 12" [_thread_blocked, id=23653, stack(0x00007fe4289fa000,0x00007fe428afb000)]
  0x00007fe3cdf1dc30 JavaThread "Unconstrained build operations Thread 13" [_thread_blocked, id=23654, stack(0x00007fe4288f9000,0x00007fe4289fa000)]
  0x00007fe3cdf1eb10 JavaThread "Unconstrained build operations Thread 14" [_thread_blocked, id=23655, stack(0x00007fe4287f8000,0x00007fe4288f9000)]
  0x00007fe3cd43d7b0 JavaThread "Unconstrained build operations Thread 15" [_thread_blocked, id=23656, stack(0x00007fe4286f7000,0x00007fe4287f8000)]
  0x00007fe3cc690630 JavaThread "build event listener" [_thread_blocked, id=23680, stack(0x00007fe4285f6000,0x00007fe4286f7000)]
  0x00007fe3cd83de30 JavaThread "Memory manager" [_thread_blocked, id=23682, stack(0x00007fe4284f5000,0x00007fe4285f6000)]
  0x00007fe3ec054ec0 JavaThread "Execution worker" [_thread_blocked, id=23750, stack(0x00007fe3c3bfc000,0x00007fe3c3cfd000)]
  0x00007fe3ec056480 JavaThread "Execution worker Thread 2" [_thread_blocked, id=23751, stack(0x00007fe3c3afb000,0x00007fe3c3bfc000)]
  0x00007fe3ec0601f0 JavaThread "Execution worker Thread 3" [_thread_blocked, id=23752, stack(0x00007fe3c39fa000,0x00007fe3c3afb000)]
  0x00007fe3ec0b9630 JavaThread "Cache worker for execution history cache (/home/link-lap-12/Music/other/bhimaPureApp/BhimaPure/node_modules/@react-native/gradle-plugin/.gradle/9.0.0/executionHistory)" [_thread_blocked, id=23753, stack(0x00007fe3c38f9000,0x00007fe3c39fa000)]
  0x00007fe3f411c450 JavaThread "Unconstrained build operations Thread 16" [_thread_blocked, id=23754, stack(0x00007fe3c37f8000,0x00007fe3c38f9000)]
  0x00007fe3f411cba0 JavaThread "Unconstrained build operations Thread 17" [_thread_blocked, id=23755, stack(0x00007fe3c36f7000,0x00007fe3c37f8000)]
  0x00007fe3f411dda0 JavaThread "Unconstrained build operations Thread 18" [_thread_blocked, id=23756, stack(0x00007fe3c35f6000,0x00007fe3c36f7000)]
  0x00007fe3f40ed770 JavaThread "Unconstrained build operations Thread 19" [_thread_blocked, id=23757, stack(0x00007fe3c34f5000,0x00007fe3c35f6000)]
  0x00007fe3f40eec90 JavaThread "Unconstrained build operations Thread 20" [_thread_blocked, id=23758, stack(0x00007fe3c33f4000,0x00007fe3c34f5000)]
  0x00007fe3f40ef700 JavaThread "Unconstrained build operations Thread 21" [_thread_blocked, id=23759, stack(0x00007fe3c32f3000,0x00007fe3c33f4000)]
  0x00007fe3f4175850 JavaThread "Unconstrained build operations Thread 22" [_thread_blocked, id=23760, stack(0x00007fe3c31f2000,0x00007fe3c32f3000)]
  0x00007fe3f4218780 JavaThread "Unconstrained build operations Thread 23" [_thread_blocked, id=23761, stack(0x00007fe3c30f1000,0x00007fe3c31f2000)]
  0x00007fe3f42199f0 JavaThread "Unconstrained build operations Thread 24" [_thread_blocked, id=23762, stack(0x00007fe3c2d12000,0x00007fe3c2e13000)]
  0x00007fe3f8002810 JavaThread "Unconstrained build operations Thread 25" [_thread_blocked, id=23763, stack(0x00007fe3c2ff0000,0x00007fe3c30f1000)]
  0x00007fe3f8007400 JavaThread "Unconstrained build operations Thread 26" [_thread_blocked, id=23764, stack(0x00007fe3c2eef000,0x00007fe3c2ff0000)]
  0x00007fe3f8008530 JavaThread "Unconstrained build operations Thread 27" [_thread_blocked, id=23765, stack(0x00007fe3c2c11000,0x00007fe3c2d12000)]
  0x00007fe3f80097c0 JavaThread "Unconstrained build operations Thread 28" [_thread_blocked, id=23766, stack(0x00007fe3c2b10000,0x00007fe3c2c11000)]
  0x00007fe3cd9d1660 JavaThread "Unconstrained build operations Thread 29" [_thread_blocked, id=23768, stack(0x00007fe3c2a0f000,0x00007fe3c2b10000)]
  0x00007fe3cd9d2450 JavaThread "Unconstrained build operations Thread 30" [_thread_blocked, id=23769, stack(0x00007fe3c290e000,0x00007fe3c2a0f000)]
  0x00007fe3cd9d33f0 JavaThread "Unconstrained build operations Thread 31" [_thread_blocked, id=23770, stack(0x00007fe3c280d000,0x00007fe3c290e000)]
  0x00007fe3cc895800 JavaThread "Unconstrained build operations Thread 32" [_thread_blocked, id=23771, stack(0x00007fe3c270c000,0x00007fe3c280d000)]
  0x00007fe3cc896bb0 JavaThread "Unconstrained build operations Thread 33" [_thread_blocked, id=23772, stack(0x00007fe3c260b000,0x00007fe3c270c000)]
  0x00007fe3cc897e50 JavaThread "Unconstrained build operations Thread 34" [_thread_blocked, id=23773, stack(0x00007fe3c250a000,0x00007fe3c260b000)]
  0x00007fe3ccf2eac0 JavaThread "Unconstrained build operations Thread 35" [_thread_blocked, id=23774, stack(0x00007fe3c2409000,0x00007fe3c250a000)]
  0x00007fe3ccf2f590 JavaThread "Unconstrained build operations Thread 36" [_thread_blocked, id=23775, stack(0x00007fe3c2308000,0x00007fe3c2409000)]
  0x00007fe3ccf30510 JavaThread "Unconstrained build operations Thread 37" [_thread_blocked, id=23776, stack(0x00007fe3c2207000,0x00007fe3c2308000)]
  0x00007fe3cc255960 JavaThread "jar transforms Thread 2" [_thread_blocked, id=23788, stack(0x00007fe3c2106000,0x00007fe3c2207000)]
  0x00007fe3cc36e370 JavaThread "Problems report writer" [_thread_blocked, id=23789, stack(0x00007fe3c2005000,0x00007fe3c2106000)]
  0x00007fe3cc439b90 JavaThread "jar transforms Thread 3" [_thread_blocked, id=23790, stack(0x00007fe3c1f04000,0x00007fe3c2005000)]
  0x00007fe3f425fb40 JavaThread "Unconstrained build operations Thread 38" [_thread_blocked, id=23798, stack(0x00007fe3c1e03000,0x00007fe3c1f04000)]
  0x00007fe3f4260710 JavaThread "Unconstrained build operations Thread 39" [_thread_blocked, id=23799, stack(0x00007fe3c1d02000,0x00007fe3c1e03000)]
  0x00007fe3f4261670 JavaThread "Unconstrained build operations Thread 40" [_thread_blocked, id=23800, stack(0x00007fe3c1c01000,0x00007fe3c1d02000)]
  0x00007fe3ccf48e20 JavaThread "jar transforms Thread 4" [_thread_blocked, id=23825, stack(0x00007fe4512f3000,0x00007fe4513f4000)]
  0x00007fe3ce871850 JavaThread "build event listener" [_thread_blocked, id=23843, stack(0x00007fe3c19ff000,0x00007fe3c1b00000)]
  0x00007fe3b8667790 JavaThread "included builds Thread 2" [_thread_blocked, id=24213, stack(0x00007fe4281f2000,0x00007fe4282f3000)]
  0x00007fe3f408fb10 JavaThread "Cache worker for execution history cache (/home/link-lap-12/Music/other/bhimaPureApp/BhimaPure/android/.gradle/9.0.0/executionHistory)" [_thread_blocked, id=24214, stack(0x00007fe4280f1000,0x00007fe4281f2000)]
  0x00007fe400067a70 JavaThread "WorkerExecutor Queue" [_thread_in_native, id=24223, stack(0x00007fe3c3dfe000,0x00007fe3c3eff000)]
  0x00007fe3b838d140 JavaThread "WorkerExecutor Queue Thread 2" [_thread_blocked, id=24224, stack(0x00007fe3c3eff000,0x00007fe3c4000000)]
  0x00007fe3f407fe30 JavaThread "WorkerExecutor Queue Thread 3" [_thread_blocked, id=24225, stack(0x00007fe3c1b00000,0x00007fe3c1c01000)]
  0x00007fe3e8079340 JavaThread "WorkerExecutor Queue Thread 5" [_thread_in_native, id=24880, stack(0x00007fe4282f3000,0x00007fe4283f4000)]
  0x00007fe3f80b6960 JavaThread "process reaper (pid 25159)" daemon [_thread_in_native, id=25160, stack(0x00007fe4600a6000,0x00007fe4600c8000)]
  0x00007fe3f811b900 JavaThread "RMI Scheduler(0)" daemon [_thread_blocked, id=25183, stack(0x00007fe4283f4000,0x00007fe4284f5000)]
  0x00007fe3f8123de0 JavaThread "RMI RenewClean-[127.0.0.1:17921,org.jetbrains.kotlin.daemon.common.LoopbackNetworkInterface$ClientLoopbackSocketFactory@670ab99e]" daemon [_thread_blocked, id=25184, stack(0x00007fe3c15fb000,0x00007fe3c16fc000)]
  0x00007fe3f8125770 JavaThread "RMI GC Daemon" daemon [_thread_blocked, id=25185, stack(0x00007fe3c18fe000,0x00007fe3c19ff000)]
  0x00007fe3f8136500 JavaThread "RMI TCP Accept-0" daemon [_thread_in_native, id=25187, stack(0x00007fe3c16fc000,0x00007fe3c17fd000)]
  0x00007fe3f8137440 JavaThread "RMI Reaper" [_thread_blocked, id=25188, stack(0x00007fe3c17fd000,0x00007fe3c18fe000)]
  0x00007fe414071870 JavaThread "RMI TCP Connection(idle)" daemon [_thread_blocked, id=25190, stack(0x00007fe3c14fa000,0x00007fe3c15fb000)]
  0x00007fe3d4078c80 JavaThread "RMI RenewClean-[127.0.0.1:17921,org.jetbrains.kotlin.daemon.common.LoopbackNetworkInterface$ClientLoopbackSocketFactory@25eb4a54]" daemon [_thread_blocked, id=25222, stack(0x00007fe3c13f9000,0x00007fe3c14fa000)]
  0x00007fe41426f6f0 JavaThread "RMI TCP Connection(idle)" daemon [_thread_blocked, id=25225, stack(0x00007fe3c12f8000,0x00007fe3c13f9000)]
  0x00007fe414091240 JavaThread "pool-3-thread-1" [_thread_blocked, id=25226, stack(0x00007fe3c11f7000,0x00007fe3c12f8000)]
  0x00007fe41408c590 JavaThread "process reaper (pid 25227)" daemon [_thread_in_native, id=25228, stack(0x00007fe460046000,0x00007fe460068000)]
  0x00007fe41408e380 JavaThread "stderr" [_thread_in_native, id=25229, stack(0x00007fe3c10f6000,0x00007fe3c11f7000)]
  0x00007fe414075ec0 JavaThread "stdout" [_thread_in_native, id=25230, stack(0x00007fe3bceff000,0x00007fe3bd000000)]
  0x00007fe3f40c6750 JavaThread "Cache worker for Java compile cache (/home/link-lap-12/.gradle/caches/9.0.0/javaCompile)" [_thread_blocked, id=25234, stack(0x00007fe3bcdfe000,0x00007fe3bceff000)]
  0x00007fe3f4667c20 JavaThread "Build operations" [_thread_blocked, id=25276, stack(0x00007fe3bc946000,0x00007fe3bca47000)]
  0x00007fe3f4314220 JavaThread "Build operations Thread 2" [_thread_blocked, id=25277, stack(0x00007fe3bc845000,0x00007fe3bc946000)]
  0x00007fe3f43151a0 JavaThread "Build operations Thread 3" [_thread_blocked, id=25278, stack(0x00007fe3bc744000,0x00007fe3bc845000)]
  0x00007fe3b8490d30 JavaThread "Build operations Thread 4" [_thread_blocked, id=25311, stack(0x00007fe3bc643000,0x00007fe3bc744000)]

Other Threads:
  0x00007fe47c16a680 VMThread "VM Thread" [stack: 0x00007fe4802bb000,0x00007fe4803bb000] [id=23556] _threads_hazard_ptr=0x00007fe3b8448240
  0x00007fe47c01c7f0 WatcherThread [stack: 0x00007fe4606d4000,0x00007fe4607d4000] [id=23567]
  0x00007fe47c0758c0 GCTaskThread "GC Thread#0" [stack: 0x00007fe480de9000,0x00007fe480ee9000] [id=23549]
  0x00007fe424004ef0 GCTaskThread "GC Thread#1" [stack: 0x00007fe4604d2000,0x00007fe4605d2000] [id=23569]
  0x00007fe424005930 GCTaskThread "GC Thread#2" [stack: 0x00007fe4603d1000,0x00007fe4604d1000] [id=23570]
  0x00007fe424006370 GCTaskThread "GC Thread#3" [stack: 0x00007fe4602d0000,0x00007fe4603d0000] [id=23571]
  0x00007fe47c086eb0 ConcurrentGCThread "G1 Main Marker" [stack: 0x00007fe480ce8000,0x00007fe480de8000] [id=23550]
  0x00007fe47c087e20 ConcurrentGCThread "G1 Conc#0" [stack: 0x00007fe480be7000,0x00007fe480ce7000] [id=23551]
  0x00007fe47c13eaa0 ConcurrentGCThread "G1 Refine#0" [stack: 0x00007fe4806e2000,0x00007fe4807e2000] [id=23553]
  0x00007fe44c001f70 ConcurrentGCThread "G1 Refine#1" [stack: 0x00007fe450bed000,0x00007fe450ced000] [id=23600]
  0x00007fe3f0005ad0 ConcurrentGCThread "G1 Refine#2" [stack: 0x00007fe450aec000,0x00007fe450bec000] [id=23601]
  0x00007fe3ec079bc0 ConcurrentGCThread "G1 Refine#3" [stack: 0x00007fe3c3cfe000,0x00007fe3c3dfe000] [id=24618]
  0x00007fe47c13f9a0 ConcurrentGCThread "G1 Service" [stack: 0x00007fe4805e1000,0x00007fe4806e1000] [id=23554]

Threads with active compile tasks:
C2 CompilerThread0   318209 30927       4       com.sun.tools.javac.code.Symtab::lookupPackage (259 bytes)

VM state: synchronizing (normal execution)

VM Mutex/Monitor currently owned by a thread:  ([mutex/lock_event])
[0x00007fe47c017350] Threads_lock - owner thread: 0x00007fe47c16a680
[0x00007fe47c017b00] Heap_lock - owner thread: 0x00007fe47c086eb0

Heap address: 0x0000000080000000, size: 2048 MB, Compressed Oops mode: 32-bit

CDS archive(s) mapped at: [0x00007fe429000000-0x00007fe429bc7000-0x00007fe429bc7000), size 12349440, SharedBaseAddress: 0x00007fe429000000, ArchiveRelocationMode: 1.
Compressed class space mapped at: 0x00007fe42a000000-0x00007fe444000000, reserved size: 436207616
Narrow klass base: 0x00007fe429000000, Narrow klass shift: 0, Narrow klass range: 0x100000000

GC Precious Log:
 CPUs: 4 total, 4 available
 Memory: 15794M
 Large Page Support: Disabled
 NUMA Support: Disabled
 Compressed Oops: Enabled (32-bit)
 Heap Region Size: 1M
 Heap Min Capacity: 8M
 Heap Initial Capacity: 248M
 Heap Max Capacity: 2G
 Pre-touch: Disabled
 Parallel Workers: 4
 Concurrent Workers: 1
 Concurrent Refinement Workers: 4
 Periodic GC: Disabled

Heap:
 garbage-first heap   total 954368K, used 377821K [0x0000000080000000, 0x0000000100000000)
  region size 1024K, 53 young (54272K), 4 survivors (4096K)
 Metaspace       used 160772K, committed 163392K, reserved 622592K
  class space    used 21136K, committed 22336K, reserved 425984K

Heap Regions: E=young(eden), S=young(survivor), O=old, HS=humongous(starts), HC=humongous(continues), CS=collection set, F=free, OA=open archive, CA=closed archive, TAMS=top-at-mark-start (previous, next)
|   0|0x0000000080000000, 0x0000000080100000, 0x0000000080100000|100%|HS|  |TAMS 0x0000000080100000, 0x0000000080000000| Complete 
|   1|0x0000000080100000, 0x0000000080200000, 0x0000000080200000|100%|HC|  |TAMS 0x0000000080200000, 0x0000000080100000| Complete 
|   2|0x0000000080200000, 0x0000000080300000, 0x0000000080300000|100%|HC|  |TAMS 0x0000000080300000, 0x0000000080200000| Complete 
|   3|0x0000000080300000, 0x0000000080400000, 0x0000000080400000|100%| O|  |TAMS 0x0000000080400000, 0x0000000080300000| Untracked 
|   4|0x0000000080400000, 0x0000000080500000, 0x0000000080500000|100%| O|  |TAMS 0x0000000080500000, 0x0000000080400000| Untracked 
|   5|0x0000000080500000, 0x0000000080600000, 0x0000000080600000|100%| O|  |TAMS 0x0000000080600000, 0x0000000080500000| Untracked 
|   6|0x0000000080600000, 0x0000000080700000, 0x0000000080700000|100%|HS|  |TAMS 0x0000000080700000, 0x0000000080600000| Complete 
|   7|0x0000000080700000, 0x0000000080800000, 0x0000000080800000|100%| O|  |TAMS 0x0000000080800000, 0x0000000080700000| Untracked 
|   8|0x0000000080800000, 0x0000000080900000, 0x0000000080900000|100%| O|  |TAMS 0x0000000080900000, 0x0000000080800000| Untracked 
|   9|0x0000000080900000, 0x0000000080a00000, 0x0000000080a00000|100%| O|  |TAMS 0x0000000080a00000, 0x0000000080900000| Untracked 
|  10|0x0000000080a00000, 0x0000000080b00000, 0x0000000080b00000|100%| O|  |TAMS 0x0000000080b00000, 0x0000000080a00000| Untracked 
|  11|0x0000000080b00000, 0x0000000080c00000, 0x0000000080c00000|100%| O|  |TAMS 0x0000000080c00000, 0x0000000080b00000| Untracked 
|  12|0x0000000080c00000, 0x0000000080d00000, 0x0000000080d00000|100%| O|  |TAMS 0x0000000080d00000, 0x0000000080c00000| Untracked 
|  13|0x0000000080d00000, 0x0000000080e00000, 0x0000000080e00000|100%| O|  |TAMS 0x0000000080e00000, 0x0000000080d00000| Untracked 
|  14|0x0000000080e00000, 0x0000000080f00000, 0x0000000080f00000|100%| O|  |TAMS 0x0000000080f00000, 0x0000000080e00000| Untracked 
|  15|0x0000000080f00000, 0x0000000081000000, 0x0000000081000000|100%| O|  |TAMS 0x0000000081000000, 0x0000000080f00000| Untracked 
|  16|0x0000000081000000, 0x0000000081100000, 0x0000000081100000|100%| O|  |TAMS 0x0000000081100000, 0x0000000081000000| Untracked 
|  17|0x0000000081100000, 0x0000000081200000, 0x0000000081200000|100%| O|  |TAMS 0x0000000081200000, 0x0000000081100000| Untracked 
|  18|0x0000000081200000, 0x0000000081300000, 0x0000000081300000|100%| O|  |TAMS 0x0000000081300000, 0x0000000081200000| Untracked 
|  19|0x0000000081300000, 0x0000000081400000, 0x0000000081400000|100%| O|  |TAMS 0x0000000081400000, 0x0000000081300000| Untracked 
|  20|0x0000000081400000, 0x0000000081500000, 0x0000000081500000|100%| O|  |TAMS 0x0000000081500000, 0x0000000081400000| Untracked 
|  21|0x0000000081500000, 0x0000000081600000, 0x0000000081600000|100%| O|  |TAMS 0x0000000081600000, 0x0000000081500000| Untracked 
|  22|0x0000000081600000, 0x0000000081700000, 0x0000000081700000|100%| O|  |TAMS 0x0000000081700000, 0x0000000081600000| Untracked 
|  23|0x0000000081700000, 0x0000000081800000, 0x0000000081800000|100%| O|  |TAMS 0x0000000081800000, 0x0000000081700000| Updating 
|  24|0x0000000081800000, 0x0000000081900000, 0x0000000081900000|100%| O|  |TAMS 0x0000000081900000, 0x0000000081800000| Untracked 
|  25|0x0000000081900000, 0x0000000081a00000, 0x0000000081a00000|100%| O|  |TAMS 0x0000000081a00000, 0x0000000081900000| Untracked 
|  26|0x0000000081a00000, 0x0000000081b00000, 0x0000000081b00000|100%| O|  |TAMS 0x0000000081b00000, 0x0000000081a00000| Untracked 
|  27|0x0000000081b00000, 0x0000000081c00000, 0x0000000081c00000|100%| O|  |TAMS 0x0000000081c00000, 0x0000000081b00000| Updating 
|  28|0x0000000081c00000, 0x0000000081d00000, 0x0000000081d00000|100%| O|  |TAMS 0x0000000081d00000, 0x0000000081c00000| Updating 
|  29|0x0000000081d00000, 0x0000000081e00000, 0x0000000081e00000|100%| O|  |TAMS 0x0000000081e00000, 0x0000000081d00000| Updating 
|  30|0x0000000081e00000, 0x0000000081f00000, 0x0000000081f00000|100%| O|  |TAMS 0x0000000081f00000, 0x0000000081e00000| Updating 
|  31|0x0000000081f00000, 0x0000000082000000, 0x0000000082000000|100%|HS|  |TAMS 0x0000000082000000, 0x0000000081f00000| Complete 
|  32|0x0000000082000000, 0x0000000082100000, 0x0000000082100000|100%|HC|  |TAMS 0x0000000082100000, 0x0000000082000000| Complete 
|  33|0x0000000082100000, 0x0000000082200000, 0x0000000082200000|100%|HC|  |TAMS 0x0000000082200000, 0x0000000082100000| Complete 
|  34|0x0000000082200000, 0x0000000082300000, 0x0000000082300000|100%|HS|  |TAMS 0x0000000082300000, 0x0000000082200000| Complete 
|  35|0x0000000082300000, 0x0000000082400000, 0x0000000082400000|100%|HC|  |TAMS 0x0000000082400000, 0x0000000082300000| Complete 
|  36|0x0000000082400000, 0x0000000082500000, 0x0000000082500000|100%|HC|  |TAMS 0x0000000082500000, 0x0000000082400000| Complete 
|  37|0x0000000082500000, 0x0000000082600000, 0x0000000082600000|100%| O|  |TAMS 0x0000000082600000, 0x0000000082500000| Updating 
|  38|0x0000000082600000, 0x0000000082700000, 0x0000000082700000|100%| O|  |TAMS 0x0000000082700000, 0x0000000082600000| Untracked 
|  39|0x0000000082700000, 0x0000000082800000, 0x0000000082800000|100%| O|  |TAMS 0x0000000082800000, 0x0000000082700000| Untracked 
|  40|0x0000000082800000, 0x0000000082900000, 0x0000000082900000|100%| O|  |TAMS 0x0000000082900000, 0x0000000082800000| Untracked 
|  41|0x0000000082900000, 0x0000000082a00000, 0x0000000082a00000|100%| O|  |TAMS 0x0000000082a00000, 0x0000000082900000| Updating 
|  42|0x0000000082a00000, 0x0000000082b00000, 0x0000000082b00000|100%| O|  |TAMS 0x0000000082b00000, 0x0000000082a00000| Updating 
|  43|0x0000000082b00000, 0x0000000082c00000, 0x0000000082c00000|100%| O|  |TAMS 0x0000000082c00000, 0x0000000082b00000| Updating 
|  44|0x0000000082c00000, 0x0000000082d00000, 0x0000000082d00000|100%| O|  |TAMS 0x0000000082d00000, 0x0000000082c00000| Untracked 
|  45|0x0000000082d00000, 0x0000000082e00000, 0x0000000082e00000|100%| O|  |TAMS 0x0000000082e00000, 0x0000000082d00000| Updating 
|  46|0x0000000082e00000, 0x0000000082f00000, 0x0000000082f00000|100%| O|  |TAMS 0x0000000082f00000, 0x0000000082e00000| Untracked 
|  47|0x0000000082f00000, 0x0000000083000000, 0x0000000083000000|100%| O|  |TAMS 0x0000000083000000, 0x0000000082f00000| Untracked 
|  48|0x0000000083000000, 0x0000000083100000, 0x0000000083100000|100%| O|  |TAMS 0x0000000083100000, 0x0000000083000000| Updating 
|  49|0x0000000083100000, 0x0000000083200000, 0x0000000083200000|100%| O|  |TAMS 0x0000000083200000, 0x0000000083100000| Untracked 
|  50|0x0000000083200000, 0x0000000083300000, 0x0000000083300000|100%| O|  |TAMS 0x0000000083300000, 0x0000000083200000| Untracked 
|  51|0x0000000083300000, 0x0000000083400000, 0x0000000083400000|100%| O|  |TAMS 0x0000000083400000, 0x0000000083300000| Untracked 
|  52|0x0000000083400000, 0x0000000083500000, 0x0000000083500000|100%| O|  |TAMS 0x0000000083500000, 0x0000000083400000| Untracked 
|  53|0x0000000083500000, 0x0000000083600000, 0x0000000083600000|100%| O|  |TAMS 0x0000000083600000, 0x0000000083500000| Updating 
|  54|0x0000000083600000, 0x0000000083700000, 0x0000000083700000|100%| O|  |TAMS 0x0000000083700000, 0x0000000083600000| Updating 
|  55|0x0000000083700000, 0x0000000083800000, 0x0000000083800000|100%| O|  |TAMS 0x0000000083800000, 0x0000000083700000| Untracked 
|  56|0x0000000083800000, 0x0000000083900000, 0x0000000083900000|100%| O|  |TAMS 0x0000000083900000, 0x0000000083800000| Untracked 
|  57|0x0000000083900000, 0x0000000083a00000, 0x0000000083a00000|100%| O|  |TAMS 0x0000000083a00000, 0x0000000083900000| Updating 
|  58|0x0000000083a00000, 0x0000000083b00000, 0x0000000083b00000|100%| O|  |TAMS 0x0000000083b00000, 0x0000000083a00000| Untracked 
|  59|0x0000000083b00000, 0x0000000083c00000, 0x0000000083c00000|100%| O|  |TAMS 0x0000000083c00000, 0x0000000083b00000| Untracked 
|  60|0x0000000083c00000, 0x0000000083d00000, 0x0000000083d00000|100%| O|  |TAMS 0x0000000083d00000, 0x0000000083c00000| Untracked 
|  61|0x0000000083d00000, 0x0000000083e00000, 0x0000000083e00000|100%| O|  |TAMS 0x0000000083e00000, 0x0000000083d00000| Untracked 
|  62|0x0000000083e00000, 0x0000000083f00000, 0x0000000083f00000|100%| O|  |TAMS 0x0000000083f00000, 0x0000000083e00000| Updating 
|  63|0x0000000083f00000, 0x0000000084000000, 0x0000000084000000|100%| O|  |TAMS 0x0000000084000000, 0x0000000083f00000| Untracked 
|  64|0x0000000084000000, 0x0000000084100000, 0x0000000084100000|100%| O|  |TAMS 0x0000000084100000, 0x0000000084000000| Updating 
|  65|0x0000000084100000, 0x0000000084200000, 0x0000000084200000|100%| O|  |TAMS 0x0000000084200000, 0x0000000084100000| Untracked 
|  66|0x0000000084200000, 0x0000000084300000, 0x0000000084300000|100%| O|  |TAMS 0x0000000084300000, 0x0000000084200000| Untracked 
|  67|0x0000000084300000, 0x0000000084400000, 0x0000000084400000|100%| O|  |TAMS 0x0000000084400000, 0x0000000084300000| Untracked 
|  68|0x0000000084400000, 0x0000000084500000, 0x0000000084500000|100%| O|  |TAMS 0x0000000084500000, 0x0000000084400000| Untracked 
|  69|0x0000000084500000, 0x0000000084600000, 0x0000000084600000|100%| O|  |TAMS 0x0000000084600000, 0x0000000084500000| Untracked 
|  70|0x0000000084600000, 0x0000000084700000, 0x0000000084700000|100%|HS|  |TAMS 0x0000000084700000, 0x0000000084600000| Complete 
|  71|0x0000000084700000, 0x0000000084800000, 0x0000000084800000|100%|HS|  |TAMS 0x0000000084800000, 0x0000000084700000| Complete 
|  72|0x0000000084800000, 0x0000000084900000, 0x0000000084900000|100%|HS|  |TAMS 0x0000000084900000, 0x0000000084800000| Complete 
|  73|0x0000000084900000, 0x0000000084a00000, 0x0000000084a00000|100%|HS|  |TAMS 0x0000000084a00000, 0x0000000084900000| Complete 
|  74|0x0000000084a00000, 0x0000000084b00000, 0x0000000084b00000|100%| O|  |TAMS 0x0000000084b00000, 0x0000000084a00000| Untracked 
|  75|0x0000000084b00000, 0x0000000084c00000, 0x0000000084c00000|100%|HS|  |TAMS 0x0000000084c00000, 0x0000000084b00000| Complete 
|  76|0x0000000084c00000, 0x0000000084d00000, 0x0000000084d00000|100%|HS|  |TAMS 0x0000000084d00000, 0x0000000084c00000| Complete 
|  77|0x0000000084d00000, 0x0000000084e00000, 0x0000000084e00000|100%| O|  |TAMS 0x0000000084e00000, 0x0000000084d00000| Updating 
|  78|0x0000000084e00000, 0x0000000084f00000, 0x0000000084f00000|100%| O|  |TAMS 0x0000000084f00000, 0x0000000084e00000| Updating 
|  79|0x0000000084f00000, 0x0000000084f00000, 0x0000000085000000|  0%| F|  |TAMS 0x0000000084f00000, 0x0000000084f00000| Untracked 
|  80|0x0000000085000000, 0x0000000085100000, 0x0000000085100000|100%| O|  |TAMS 0x0000000085100000, 0x0000000085000000| Updating 
|  81|0x0000000085100000, 0x0000000085200000, 0x0000000085200000|100%| O|  |TAMS 0x0000000085200000, 0x0000000085100000| Untracked 
|  82|0x0000000085200000, 0x0000000085300000, 0x0000000085300000|100%| O|  |TAMS 0x0000000085300000, 0x0000000085200000| Untracked 
|  83|0x0000000085300000, 0x0000000085400000, 0x0000000085400000|100%| O|  |TAMS 0x0000000085400000, 0x0000000085300000| Untracked 
|  84|0x0000000085400000, 0x0000000085500000, 0x0000000085500000|100%| O|  |TAMS 0x0000000085500000, 0x0000000085400000| Untracked 
|  85|0x0000000085500000, 0x0000000085600000, 0x0000000085600000|100%| O|  |TAMS 0x0000000085600000, 0x0000000085500000| Untracked 
|  86|0x0000000085600000, 0x0000000085700000, 0x0000000085700000|100%| O|  |TAMS 0x0000000085700000, 0x0000000085600000| Untracked 
|  87|0x0000000085700000, 0x0000000085800000, 0x0000000085800000|100%| O|  |TAMS 0x0000000085800000, 0x0000000085700000| Updating 
|  88|0x0000000085800000, 0x0000000085900000, 0x0000000085900000|100%| O|  |TAMS 0x0000000085900000, 0x0000000085800000| Updating 
|  89|0x0000000085900000, 0x0000000085a00000, 0x0000000085a00000|100%|HS|  |TAMS 0x0000000085a00000, 0x0000000085900000| Complete 
|  90|0x0000000085a00000, 0x0000000085b00000, 0x0000000085b00000|100%| O|  |TAMS 0x0000000085b00000, 0x0000000085a00000| Untracked 
|  91|0x0000000085b00000, 0x0000000085c00000, 0x0000000085c00000|100%| O|  |TAMS 0x0000000085c00000, 0x0000000085b00000| Untracked 
|  92|0x0000000085c00000, 0x0000000085d00000, 0x0000000085d00000|100%| O|  |TAMS 0x0000000085d00000, 0x0000000085c00000| Updating 
|  93|0x0000000085d00000, 0x0000000085e00000, 0x0000000085e00000|100%| O|  |TAMS 0x0000000085e00000, 0x0000000085d00000| Untracked 
|  94|0x0000000085e00000, 0x0000000085f00000, 0x0000000085f00000|100%| O|  |TAMS 0x0000000085f00000, 0x0000000085e00000| Untracked 
|  95|0x0000000085f00000, 0x0000000086000000, 0x0000000086000000|100%| O|  |TAMS 0x0000000086000000, 0x0000000085f00000| Untracked 
|  96|0x0000000086000000, 0x0000000086100000, 0x0000000086100000|100%| O|  |TAMS 0x0000000086100000, 0x0000000086000000| Updating 
|  97|0x0000000086100000, 0x0000000086200000, 0x0000000086200000|100%| O|  |TAMS 0x0000000086200000, 0x0000000086100000| Untracked 
|  98|0x0000000086200000, 0x0000000086300000, 0x0000000086300000|100%| O|  |TAMS 0x0000000086300000, 0x0000000086200000| Updating 
|  99|0x0000000086300000, 0x0000000086400000, 0x0000000086400000|100%|HS|  |TAMS 0x0000000086400000, 0x0000000086300000| Complete 
| 100|0x0000000086400000, 0x0000000086500000, 0x0000000086500000|100%|HC|  |TAMS 0x0000000086500000, 0x0000000086400000| Complete 
| 101|0x0000000086500000, 0x0000000086600000, 0x0000000086600000|100%|HC|  |TAMS 0x0000000086600000, 0x0000000086500000| Complete 
| 102|0x0000000086600000, 0x0000000086700000, 0x0000000086700000|100%| O|  |TAMS 0x0000000086700000, 0x0000000086600000| Untracked 
| 103|0x0000000086700000, 0x0000000086800000, 0x0000000086800000|100%| O|  |TAMS 0x0000000086800000, 0x0000000086700000| Untracked 
| 104|0x0000000086800000, 0x0000000086900000, 0x0000000086900000|100%| O|  |TAMS 0x0000000086900000, 0x0000000086800000| Untracked 
| 105|0x0000000086900000, 0x0000000086a00000, 0x0000000086a00000|100%| O|  |TAMS 0x0000000086a00000, 0x0000000086900000| Untracked 
| 106|0x0000000086a00000, 0x0000000086b00000, 0x0000000086b00000|100%| O|  |TAMS 0x0000000086b00000, 0x0000000086a00000| Untracked 
| 107|0x0000000086b00000, 0x0000000086c00000, 0x0000000086c00000|100%| O|  |TAMS 0x0000000086c00000, 0x0000000086b00000| Untracked 
| 108|0x0000000086c00000, 0x0000000086d00000, 0x0000000086d00000|100%| O|  |TAMS 0x0000000086d00000, 0x0000000086c00000| Untracked 
| 109|0x0000000086d00000, 0x0000000086e00000, 0x0000000086e00000|100%| O|  |TAMS 0x0000000086e00000, 0x0000000086d00000| Updating 
| 110|0x0000000086e00000, 0x0000000086f00000, 0x0000000086f00000|100%| O|  |TAMS 0x0000000086f00000, 0x0000000086e00000| Untracked 
| 111|0x0000000086f00000, 0x0000000087000000, 0x0000000087000000|100%| O|  |TAMS 0x0000000087000000, 0x0000000086f00000| Untracked 
| 112|0x0000000087000000, 0x0000000087100000, 0x0000000087100000|100%| O|  |TAMS 0x0000000087100000, 0x0000000087000000| Untracked 
| 113|0x0000000087100000, 0x0000000087200000, 0x0000000087200000|100%| O|  |TAMS 0x0000000087200000, 0x0000000087100000| Untracked 
| 114|0x0000000087200000, 0x0000000087300000, 0x0000000087300000|100%| O|  |TAMS 0x0000000087300000, 0x0000000087200000| Untracked 
| 115|0x0000000087300000, 0x0000000087400000, 0x0000000087400000|100%| O|  |TAMS 0x0000000087400000, 0x0000000087300000| Untracked 
| 116|0x0000000087400000, 0x0000000087500000, 0x0000000087500000|100%| O|  |TAMS 0x0000000087500000, 0x0000000087400000| Untracked 
| 117|0x0000000087500000, 0x0000000087600000, 0x0000000087600000|100%| O|  |TAMS 0x0000000087600000, 0x0000000087500000| Untracked 
| 118|0x0000000087600000, 0x0000000087700000, 0x0000000087700000|100%| O|  |TAMS 0x0000000087700000, 0x0000000087600000| Untracked 
| 119|0x0000000087700000, 0x0000000087800000, 0x0000000087800000|100%| O|  |TAMS 0x0000000087800000, 0x0000000087700000| Untracked 
| 120|0x0000000087800000, 0x0000000087900000, 0x0000000087900000|100%| O|  |TAMS 0x0000000087900000, 0x0000000087800000| Untracked 
| 121|0x0000000087900000, 0x0000000087a00000, 0x0000000087a00000|100%| O|  |TAMS 0x0000000087a00000, 0x0000000087900000| Untracked 
| 122|0x0000000087a00000, 0x0000000087b00000, 0x0000000087b00000|100%| O|  |TAMS 0x0000000087b00000, 0x0000000087a00000| Updating 
| 123|0x0000000087b00000, 0x0000000087c00000, 0x0000000087c00000|100%|HS|  |TAMS 0x0000000087c00000, 0x0000000087b00000| Complete 
| 124|0x0000000087c00000, 0x0000000087d00000, 0x0000000087d00000|100%|HS|  |TAMS 0x0000000087d00000, 0x0000000087c00000| Complete 
| 125|0x0000000087d00000, 0x0000000087e00000, 0x0000000087e00000|100%|HS|  |TAMS 0x0000000087e00000, 0x0000000087d00000| Complete 
| 126|0x0000000087e00000, 0x0000000087f00000, 0x0000000087f00000|100%|HS|  |TAMS 0x0000000087f00000, 0x0000000087e00000| Complete 
| 127|0x0000000087f00000, 0x0000000088000000, 0x0000000088000000|100%| O|  |TAMS 0x0000000088000000, 0x0000000087f00000| Untracked 
| 128|0x0000000088000000, 0x0000000088100000, 0x0000000088100000|100%| O|  |TAMS 0x0000000088100000, 0x0000000088000000| Updating 
| 129|0x0000000088100000, 0x0000000088200000, 0x0000000088200000|100%| O|  |TAMS 0x0000000088200000, 0x0000000088100000| Updating 
| 130|0x0000000088200000, 0x0000000088300000, 0x0000000088300000|100%| O|  |TAMS 0x0000000088300000, 0x0000000088200000| Updating 
| 131|0x0000000088300000, 0x0000000088400000, 0x0000000088400000|100%| O|  |TAMS 0x0000000088400000, 0x0000000088300000| Updating 
| 132|0x0000000088400000, 0x0000000088500000, 0x0000000088500000|100%| O|  |TAMS 0x0000000088500000, 0x0000000088400000| Untracked 
| 133|0x0000000088500000, 0x0000000088600000, 0x0000000088600000|100%| O|  |TAMS 0x0000000088600000, 0x0000000088500000| Untracked 
| 134|0x0000000088600000, 0x0000000088700000, 0x0000000088700000|100%| O|  |TAMS 0x0000000088700000, 0x0000000088600000| Untracked 
| 135|0x0000000088700000, 0x0000000088800000, 0x0000000088800000|100%| O|  |TAMS 0x0000000088800000, 0x0000000088700000| Updating 
| 136|0x0000000088800000, 0x0000000088900000, 0x0000000088900000|100%| O|  |TAMS 0x0000000088900000, 0x0000000088800000| Updating 
| 137|0x0000000088900000, 0x0000000088a00000, 0x0000000088a00000|100%| O|  |TAMS 0x0000000088a00000, 0x0000000088900000| Untracked 
| 138|0x0000000088a00000, 0x0000000088b00000, 0x0000000088b00000|100%| O|  |TAMS 0x0000000088b00000, 0x0000000088a00000| Updating 
| 139|0x0000000088b00000, 0x0000000088c00000, 0x0000000088c00000|100%| O|  |TAMS 0x0000000088c00000, 0x0000000088b00000| Untracked 
| 140|0x0000000088c00000, 0x0000000088d00000, 0x0000000088d00000|100%| O|  |TAMS 0x0000000088d00000, 0x0000000088c00000| Untracked 
| 141|0x0000000088d00000, 0x0000000088e00000, 0x0000000088e00000|100%| O|  |TAMS 0x0000000088e00000, 0x0000000088d00000| Untracked 
| 142|0x0000000088e00000, 0x0000000088f00000, 0x0000000088f00000|100%| O|  |TAMS 0x0000000088f00000, 0x0000000088e00000| Untracked 
| 143|0x0000000088f00000, 0x0000000089000000, 0x0000000089000000|100%| O|  |TAMS 0x0000000089000000, 0x0000000088f00000| Untracked 
| 144|0x0000000089000000, 0x0000000089100000, 0x0000000089100000|100%| O|  |TAMS 0x0000000089100000, 0x0000000089000000| Untracked 
| 145|0x0000000089100000, 0x0000000089200000, 0x0000000089200000|100%| O|  |TAMS 0x0000000089200000, 0x0000000089100000| Untracked 
| 146|0x0000000089200000, 0x0000000089300000, 0x0000000089300000|100%| O|  |TAMS 0x0000000089300000, 0x0000000089200000| Untracked 
| 147|0x0000000089300000, 0x0000000089400000, 0x0000000089400000|100%| O|  |TAMS 0x0000000089400000, 0x0000000089300000| Untracked 
| 148|0x0000000089400000, 0x0000000089500000, 0x0000000089500000|100%| O|  |TAMS 0x0000000089500000, 0x0000000089400000| Untracked 
| 149|0x0000000089500000, 0x0000000089600000, 0x0000000089600000|100%| O|  |TAMS 0x0000000089600000, 0x0000000089500000| Untracked 
| 150|0x0000000089600000, 0x0000000089700000, 0x0000000089700000|100%| O|  |TAMS 0x0000000089700000, 0x0000000089600000| Updating 
| 151|0x0000000089700000, 0x0000000089800000, 0x0000000089800000|100%| O|  |TAMS 0x0000000089800000, 0x0000000089700000| Updating 
| 152|0x0000000089800000, 0x0000000089900000, 0x0000000089900000|100%| O|  |TAMS 0x0000000089900000, 0x0000000089800000| Updating 
| 153|0x0000000089900000, 0x0000000089900000, 0x0000000089a00000|  0%| F|  |TAMS 0x0000000089900000, 0x0000000089900000| Untracked 
| 154|0x0000000089a00000, 0x0000000089b00000, 0x0000000089b00000|100%| O|  |TAMS 0x0000000089b00000, 0x0000000089a00000| Untracked 
| 155|0x0000000089b00000, 0x0000000089c00000, 0x0000000089c00000|100%| O|  |TAMS 0x0000000089c00000, 0x0000000089b00000| Untracked 
| 156|0x0000000089c00000, 0x0000000089d00000, 0x0000000089d00000|100%| O|  |TAMS 0x0000000089d00000, 0x0000000089c00000| Updating 
| 157|0x0000000089d00000, 0x0000000089e00000, 0x0000000089e00000|100%| O|  |TAMS 0x0000000089e00000, 0x0000000089d00000| Updating 
| 158|0x0000000089e00000, 0x0000000089f00000, 0x0000000089f00000|100%| O|  |TAMS 0x0000000089f00000, 0x0000000089e00000| Updating 
| 159|0x0000000089f00000, 0x000000008a000000, 0x000000008a000000|100%| O|  |TAMS 0x000000008a000000, 0x0000000089f00000| Updating 
| 160|0x000000008a000000, 0x000000008a100000, 0x000000008a100000|100%| O|  |TAMS 0x000000008a100000, 0x000000008a000000| Updating 
| 161|0x000000008a100000, 0x000000008a200000, 0x000000008a200000|100%|HS|  |TAMS 0x000000008a200000, 0x000000008a100000| Complete 
| 162|0x000000008a200000, 0x000000008a300000, 0x000000008a300000|100%|HS|  |TAMS 0x000000008a300000, 0x000000008a200000| Complete 
| 163|0x000000008a300000, 0x000000008a400000, 0x000000008a400000|100%|HS|  |TAMS 0x000000008a400000, 0x000000008a300000| Complete 
| 164|0x000000008a400000, 0x000000008a500000, 0x000000008a500000|100%| O|  |TAMS 0x000000008a500000, 0x000000008a400000| Updating 
| 165|0x000000008a500000, 0x000000008a600000, 0x000000008a600000|100%| O|  |TAMS 0x000000008a600000, 0x000000008a500000| Updating 
| 166|0x000000008a600000, 0x000000008a700000, 0x000000008a700000|100%| O|  |TAMS 0x000000008a700000, 0x000000008a600000| Updating 
| 167|0x000000008a700000, 0x000000008a800000, 0x000000008a800000|100%| O|  |TAMS 0x000000008a800000, 0x000000008a700000| Updating 
| 168|0x000000008a800000, 0x000000008a900000, 0x000000008a900000|100%| O|  |TAMS 0x000000008a900000, 0x000000008a800000| Updating 
| 169|0x000000008a900000, 0x000000008aa00000, 0x000000008aa00000|100%| O|  |TAMS 0x000000008aa00000, 0x000000008a900000| Untracked 
| 170|0x000000008aa00000, 0x000000008ab00000, 0x000000008ab00000|100%| O|  |TAMS 0x000000008ab00000, 0x000000008aa00000| Untracked 
| 171|0x000000008ab00000, 0x000000008ac00000, 0x000000008ac00000|100%| O|  |TAMS 0x000000008ac00000, 0x000000008ab00000| Updating 
| 172|0x000000008ac00000, 0x000000008ad00000, 0x000000008ad00000|100%| O|  |TAMS 0x000000008ad00000, 0x000000008ac00000| Untracked 
| 173|0x000000008ad00000, 0x000000008ae00000, 0x000000008ae00000|100%| O|  |TAMS 0x000000008ae00000, 0x000000008ad00000| Untracked 
| 174|0x000000008ae00000, 0x000000008af00000, 0x000000008af00000|100%| O|  |TAMS 0x000000008af00000, 0x000000008ae00000| Updating 
| 175|0x000000008af00000, 0x000000008b000000, 0x000000008b000000|100%| O|  |TAMS 0x000000008b000000, 0x000000008af00000| Untracked 
| 176|0x000000008b000000, 0x000000008b100000, 0x000000008b100000|100%| O|  |TAMS 0x000000008b100000, 0x000000008b000000| Untracked 
| 177|0x000000008b100000, 0x000000008b200000, 0x000000008b200000|100%| O|  |TAMS 0x000000008b200000, 0x000000008b100000| Untracked 
| 178|0x000000008b200000, 0x000000008b300000, 0x000000008b300000|100%| O|  |TAMS 0x000000008b300000, 0x000000008b200000| Untracked 
| 179|0x000000008b300000, 0x000000008b400000, 0x000000008b400000|100%| O|  |TAMS 0x000000008b400000, 0x000000008b300000| Updating 
| 180|0x000000008b400000, 0x000000008b500000, 0x000000008b500000|100%| O|  |TAMS 0x000000008b500000, 0x000000008b400000| Untracked 
| 181|0x000000008b500000, 0x000000008b600000, 0x000000008b600000|100%| O|  |TAMS 0x000000008b600000, 0x000000008b500000| Updating 
| 182|0x000000008b600000, 0x000000008b700000, 0x000000008b700000|100%| O|  |TAMS 0x000000008b700000, 0x000000008b600000| Updating 
| 183|0x000000008b700000, 0x000000008b800000, 0x000000008b800000|100%| O|  |TAMS 0x000000008b800000, 0x000000008b700000| Updating 
| 184|0x000000008b800000, 0x000000008b800000, 0x000000008b900000|  0%| F|  |TAMS 0x000000008b800000, 0x000000008b800000| Untracked 
| 185|0x000000008b900000, 0x000000008ba00000, 0x000000008ba00000|100%|HS|  |TAMS 0x000000008ba00000, 0x000000008b900000| Complete 
| 186|0x000000008ba00000, 0x000000008bb00000, 0x000000008bb00000|100%|HS|  |TAMS 0x000000008bb00000, 0x000000008ba00000| Complete 
| 187|0x000000008bb00000, 0x000000008bc00000, 0x000000008bc00000|100%| O|  |TAMS 0x000000008bc00000, 0x000000008bb00000| Untracked 
| 188|0x000000008bc00000, 0x000000008bd00000, 0x000000008bd00000|100%|HS|  |TAMS 0x000000008bd00000, 0x000000008bc00000| Complete 
| 189|0x000000008bd00000, 0x000000008be00000, 0x000000008be00000|100%|HC|  |TAMS 0x000000008be00000, 0x000000008bd00000| Complete 
| 190|0x000000008be00000, 0x000000008bf00000, 0x000000008bf00000|100%| O|  |TAMS 0x000000008bf00000, 0x000000008be00000| Untracked 
| 191|0x000000008bf00000, 0x000000008c000000, 0x000000008c000000|100%| O|  |TAMS 0x000000008c000000, 0x000000008bf00000| Untracked 
| 192|0x000000008c000000, 0x000000008c100000, 0x000000008c100000|100%| O|  |TAMS 0x000000008c100000, 0x000000008c000000| Updating 
| 193|0x000000008c100000, 0x000000008c200000, 0x000000008c200000|100%| O|  |TAMS 0x000000008c200000, 0x000000008c100000| Updating 
| 194|0x000000008c200000, 0x000000008c300000, 0x000000008c300000|100%| O|  |TAMS 0x000000008c300000, 0x000000008c200000| Untracked 
| 195|0x000000008c300000, 0x000000008c400000, 0x000000008c400000|100%| O|  |TAMS 0x000000008c400000, 0x000000008c300000| Untracked 
| 196|0x000000008c400000, 0x000000008c400000, 0x000000008c500000|  0%| F|  |TAMS 0x000000008c400000, 0x000000008c400000| Untracked 
| 197|0x000000008c500000, 0x000000008c600000, 0x000000008c600000|100%| O|  |TAMS 0x000000008c600000, 0x000000008c500000| Untracked 
| 198|0x000000008c600000, 0x000000008c700000, 0x000000008c700000|100%| O|  |TAMS 0x000000008c700000, 0x000000008c600000| Untracked 
| 199|0x000000008c700000, 0x000000008c800000, 0x000000008c800000|100%| O|  |TAMS 0x000000008c800000, 0x000000008c700000| Untracked 
| 200|0x000000008c800000, 0x000000008c900000, 0x000000008c900000|100%| O|  |TAMS 0x000000008c900000, 0x000000008c800000| Updating 
| 201|0x000000008c900000, 0x000000008ca00000, 0x000000008ca00000|100%| O|  |TAMS 0x000000008ca00000, 0x000000008c900000| Untracked 
| 202|0x000000008ca00000, 0x000000008cb00000, 0x000000008cb00000|100%| O|  |TAMS 0x000000008cb00000, 0x000000008ca00000| Updating 
| 203|0x000000008cb00000, 0x000000008cc00000, 0x000000008cc00000|100%| O|  |TAMS 0x000000008cc00000, 0x000000008cb00000| Updating 
| 204|0x000000008cc00000, 0x000000008cd00000, 0x000000008cd00000|100%| O|  |TAMS 0x000000008cd00000, 0x000000008cc00000| Updating 
| 205|0x000000008cd00000, 0x000000008ce00000, 0x000000008ce00000|100%| O|  |TAMS 0x000000008ce00000, 0x000000008cd00000| Updating 
| 206|0x000000008ce00000, 0x000000008cf00000, 0x000000008cf00000|100%| O|  |TAMS 0x000000008cf00000, 0x000000008ce00000| Updating 
| 207|0x000000008cf00000, 0x000000008d000000, 0x000000008d000000|100%| O|  |TAMS 0x000000008d000000, 0x000000008cf00000| Untracked 
| 208|0x000000008d000000, 0x000000008d100000, 0x000000008d100000|100%| O|  |TAMS 0x000000008d100000, 0x000000008d000000| Updating 
| 209|0x000000008d100000, 0x000000008d200000, 0x000000008d200000|100%| O|  |TAMS 0x000000008d200000, 0x000000008d100000| Untracked 
| 210|0x000000008d200000, 0x000000008d300000, 0x000000008d300000|100%|HS|  |TAMS 0x000000008d300000, 0x000000008d200000| Complete 
| 211|0x000000008d300000, 0x000000008d400000, 0x000000008d400000|100%|HS|  |TAMS 0x000000008d400000, 0x000000008d300000| Complete 
| 212|0x000000008d400000, 0x000000008d500000, 0x000000008d500000|100%|HS|  |TAMS 0x000000008d500000, 0x000000008d400000| Complete 
| 213|0x000000008d500000, 0x000000008d600000, 0x000000008d600000|100%| O|  |TAMS 0x000000008d600000, 0x000000008d500000| Untracked 
| 214|0x000000008d600000, 0x000000008d600000, 0x000000008d700000|  0%| F|  |TAMS 0x000000008d600000, 0x000000008d600000| Untracked 
| 215|0x000000008d700000, 0x000000008d800000, 0x000000008d800000|100%| O|  |TAMS 0x000000008d800000, 0x000000008d700000| Updating 
| 216|0x000000008d800000, 0x000000008d900000, 0x000000008d900000|100%| O|  |TAMS 0x000000008d900000, 0x000000008d800000| Untracked 
| 217|0x000000008d900000, 0x000000008da00000, 0x000000008da00000|100%| O|  |TAMS 0x000000008da00000, 0x000000008d900000| Updating 
| 218|0x000000008da00000, 0x000000008db00000, 0x000000008db00000|100%| O|  |TAMS 0x000000008db00000, 0x000000008da00000| Updating 
| 219|0x000000008db00000, 0x000000008dc00000, 0x000000008dc00000|100%| O|  |TAMS 0x000000008dc00000, 0x000000008db00000| Untracked 
| 220|0x000000008dc00000, 0x000000008dd00000, 0x000000008dd00000|100%| O|  |TAMS 0x000000008dd00000, 0x000000008dc00000| Untracked 
| 221|0x000000008dd00000, 0x000000008de00000, 0x000000008de00000|100%| O|  |TAMS 0x000000008de00000, 0x000000008dd00000| Untracked 
| 222|0x000000008de00000, 0x000000008df00000, 0x000000008df00000|100%| O|  |TAMS 0x000000008df00000, 0x000000008de00000| Untracked 
| 223|0x000000008df00000, 0x000000008e000000, 0x000000008e000000|100%| O|  |TAMS 0x000000008e000000, 0x000000008df00000| Updating 
| 224|0x000000008e000000, 0x000000008e100000, 0x000000008e100000|100%| O|  |TAMS 0x000000008e100000, 0x000000008e000000| Untracked 
| 225|0x000000008e100000, 0x000000008e200000, 0x000000008e200000|100%| O|  |TAMS 0x000000008e200000, 0x000000008e100000| Untracked 
| 226|0x000000008e200000, 0x000000008e300000, 0x000000008e300000|100%| O|  |TAMS 0x000000008e300000, 0x000000008e200000| Updating 
| 227|0x000000008e300000, 0x000000008e400000, 0x000000008e400000|100%|HS|  |TAMS 0x000000008e400000, 0x000000008e300000| Complete 
| 228|0x000000008e400000, 0x000000008e500000, 0x000000008e500000|100%|HC|  |TAMS 0x000000008e500000, 0x000000008e400000| Complete 
| 229|0x000000008e500000, 0x000000008e600000, 0x000000008e600000|100%|HC|  |TAMS 0x000000008e600000, 0x000000008e500000| Complete 
| 230|0x000000008e600000, 0x000000008e600000, 0x000000008e700000|  0%| F|  |TAMS 0x000000008e600000, 0x000000008e600000| Untracked 
| 231|0x000000008e700000, 0x000000008e800000, 0x000000008e800000|100%|HS|  |TAMS 0x000000008e800000, 0x000000008e700000| Complete 
| 232|0x000000008e800000, 0x000000008e900000, 0x000000008e900000|100%|HS|  |TAMS 0x000000008e900000, 0x000000008e800000| Complete 
| 233|0x000000008e900000, 0x000000008ea00000, 0x000000008ea00000|100%| O|  |TAMS 0x000000008ea00000, 0x000000008e900000| Untracked 
| 234|0x000000008ea00000, 0x000000008eb00000, 0x000000008eb00000|100%| O|  |TAMS 0x000000008eb00000, 0x000000008ea00000| Untracked 
| 235|0x000000008eb00000, 0x000000008ec00000, 0x000000008ec00000|100%| O|  |TAMS 0x000000008ec00000, 0x000000008eb00000| Untracked 
| 236|0x000000008ec00000, 0x000000008ed00000, 0x000000008ed00000|100%| O|  |TAMS 0x000000008ed00000, 0x000000008ec00000| Untracked 
| 237|0x000000008ed00000, 0x000000008ee00000, 0x000000008ee00000|100%| O|  |TAMS 0x000000008ee00000, 0x000000008ed00000| Untracked 
| 238|0x000000008ee00000, 0x000000008ef00000, 0x000000008ef00000|100%| O|  |TAMS 0x000000008ef00000, 0x000000008ee00000| Untracked 
| 239|0x000000008ef00000, 0x000000008f000000, 0x000000008f000000|100%| O|  |TAMS 0x000000008f000000, 0x000000008ef00000| Untracked 
| 240|0x000000008f000000, 0x000000008f100000, 0x000000008f100000|100%| O|  |TAMS 0x000000008f100000, 0x000000008f000000| Untracked 
| 241|0x000000008f100000, 0x000000008f200000, 0x000000008f200000|100%| O|  |TAMS 0x000000008f200000, 0x000000008f100000| Untracked 
| 242|0x000000008f200000, 0x000000008f300000, 0x000000008f300000|100%| O|  |TAMS 0x000000008f300000, 0x000000008f200000| Untracked 
| 243|0x000000008f300000, 0x000000008f400000, 0x000000008f400000|100%| O|  |TAMS 0x000000008f400000, 0x000000008f300000| Untracked 
| 244|0x000000008f400000, 0x000000008f500000, 0x000000008f500000|100%| O|  |TAMS 0x000000008f500000, 0x000000008f400000| Untracked 
| 245|0x000000008f500000, 0x000000008f600000, 0x000000008f600000|100%| O|  |TAMS 0x000000008f600000, 0x000000008f500000| Updating 
| 246|0x000000008f600000, 0x000000008f700000, 0x000000008f700000|100%| O|  |TAMS 0x000000008f700000, 0x000000008f600000| Untracked 
| 247|0x000000008f700000, 0x000000008f800000, 0x000000008f800000|100%| O|  |TAMS 0x000000008f800000, 0x000000008f700000| Updating 
| 248|0x000000008f800000, 0x000000008f900000, 0x000000008f900000|100%|HS|  |TAMS 0x000000008f800000, 0x000000008f800000| Complete 
| 249|0x000000008f900000, 0x000000008fa00000, 0x000000008fa00000|100%|HC|  |TAMS 0x000000008f900000, 0x000000008f900000| Complete 
| 250|0x000000008fa00000, 0x000000008fb00000, 0x000000008fb00000|100%| O|  |TAMS 0x000000008fb00000, 0x000000008fa00000| Untracked 
| 251|0x000000008fb00000, 0x000000008fc00000, 0x000000008fc00000|100%| O|  |TAMS 0x000000008fc00000, 0x000000008fb00000| Untracked 
| 252|0x000000008fc00000, 0x000000008fd00000, 0x000000008fd00000|100%| O|  |TAMS 0x000000008fd00000, 0x000000008fc00000| Untracked 
| 253|0x000000008fd00000, 0x000000008fe00000, 0x000000008fe00000|100%| O|  |TAMS 0x000000008fe00000, 0x000000008fd00000| Untracked 
| 254|0x000000008fe00000, 0x000000008ff00000, 0x000000008ff00000|100%| O|  |TAMS 0x000000008ff00000, 0x000000008fe00000| Untracked 
| 255|0x000000008ff00000, 0x0000000090000000, 0x0000000090000000|100%| O|  |TAMS 0x0000000090000000, 0x000000008ff00000| Untracked 
| 256|0x0000000090000000, 0x0000000090100000, 0x0000000090100000|100%| O|  |TAMS 0x0000000090100000, 0x0000000090000000| Untracked 
| 257|0x0000000090100000, 0x0000000090200000, 0x0000000090200000|100%| O|  |TAMS 0x0000000090200000, 0x0000000090100000| Updating 
| 258|0x0000000090200000, 0x0000000090300000, 0x0000000090300000|100%| O|  |TAMS 0x0000000090300000, 0x0000000090200000| Untracked 
| 259|0x0000000090300000, 0x0000000090400000, 0x0000000090400000|100%| O|  |TAMS 0x0000000090400000, 0x0000000090300000| Untracked 
| 260|0x0000000090400000, 0x0000000090500000, 0x0000000090500000|100%| O|  |TAMS 0x0000000090500000, 0x0000000090400000| Untracked 
| 261|0x0000000090500000, 0x0000000090600000, 0x0000000090600000|100%| O|  |TAMS 0x0000000090600000, 0x0000000090500000| Untracked 
| 262|0x0000000090600000, 0x0000000090700000, 0x0000000090700000|100%| O|  |TAMS 0x0000000090700000, 0x0000000090600000| Untracked 
| 263|0x0000000090700000, 0x0000000090800000, 0x0000000090800000|100%| O|  |TAMS 0x0000000090800000, 0x0000000090700000| Untracked 
| 264|0x0000000090800000, 0x0000000090900000, 0x0000000090900000|100%| O|  |TAMS 0x0000000090900000, 0x0000000090800000| Untracked 
| 265|0x0000000090900000, 0x0000000090a00000, 0x0000000090a00000|100%| O|  |TAMS 0x0000000090a00000, 0x0000000090900000| Untracked 
| 266|0x0000000090a00000, 0x0000000090b00000, 0x0000000090b00000|100%| O|  |TAMS 0x0000000090b00000, 0x0000000090a00000| Untracked 
| 267|0x0000000090b00000, 0x0000000090c00000, 0x0000000090c00000|100%| O|  |TAMS 0x0000000090c00000, 0x0000000090b00000| Untracked 
| 268|0x0000000090c00000, 0x0000000090d00000, 0x0000000090d00000|100%| O|  |TAMS 0x0000000090d00000, 0x0000000090c00000| Untracked 
| 269|0x0000000090d00000, 0x0000000090e00000, 0x0000000090e00000|100%| O|  |TAMS 0x0000000090e00000, 0x0000000090d00000| Untracked 
| 270|0x0000000090e00000, 0x0000000090f00000, 0x0000000090f00000|100%| O|  |TAMS 0x0000000090f00000, 0x0000000090e00000| Untracked 
| 271|0x0000000090f00000, 0x0000000091000000, 0x0000000091000000|100%| O|  |TAMS 0x0000000091000000, 0x0000000090f00000| Untracked 
| 272|0x0000000091000000, 0x0000000091100000, 0x0000000091100000|100%| O|  |TAMS 0x0000000091100000, 0x0000000091000000| Untracked 
| 273|0x0000000091100000, 0x0000000091200000, 0x0000000091200000|100%| O|  |TAMS 0x0000000091200000, 0x0000000091100000| Untracked 
| 274|0x0000000091200000, 0x0000000091300000, 0x0000000091300000|100%| O|  |TAMS 0x0000000091300000, 0x0000000091200000| Untracked 
| 275|0x0000000091300000, 0x0000000091400000, 0x0000000091400000|100%| O|  |TAMS 0x0000000091400000, 0x0000000091300000| Updating 
| 276|0x0000000091400000, 0x0000000091500000, 0x0000000091500000|100%| O|  |TAMS 0x0000000091500000, 0x0000000091400000| Updating 
| 277|0x0000000091500000, 0x0000000091600000, 0x0000000091600000|100%| O|  |TAMS 0x0000000091600000, 0x0000000091500000| Updating 
| 278|0x0000000091600000, 0x0000000091700000, 0x0000000091700000|100%| O|  |TAMS 0x0000000091700000, 0x0000000091600000| Untracked 
| 279|0x0000000091700000, 0x0000000091800000, 0x0000000091800000|100%| O|  |TAMS 0x0000000091800000, 0x0000000091700000| Untracked 
| 280|0x0000000091800000, 0x0000000091900000, 0x0000000091900000|100%| O|  |TAMS 0x0000000091900000, 0x0000000091800000| Updating 
| 281|0x0000000091900000, 0x0000000091a00000, 0x0000000091a00000|100%| O|  |TAMS 0x0000000091a00000, 0x0000000091900000| Untracked 
| 282|0x0000000091a00000, 0x0000000091b00000, 0x0000000091b00000|100%| O|  |TAMS 0x0000000091b00000, 0x0000000091a00000| Updating 
| 283|0x0000000091b00000, 0x0000000091c00000, 0x0000000091c00000|100%| O|  |TAMS 0x0000000091c00000, 0x0000000091b00000| Untracked 
| 284|0x0000000091c00000, 0x0000000091d00000, 0x0000000091d00000|100%| O|  |TAMS 0x0000000091d00000, 0x0000000091c00000| Updating 
| 285|0x0000000091d00000, 0x0000000091e00000, 0x0000000091e00000|100%|HS|  |TAMS 0x0000000091e00000, 0x0000000091d00000| Complete 
| 286|0x0000000091e00000, 0x0000000091f00000, 0x0000000091f00000|100%|HC|  |TAMS 0x0000000091f00000, 0x0000000091e00000| Complete 
| 287|0x0000000091f00000, 0x0000000091f00000, 0x0000000092000000|  0%| F|  |TAMS 0x0000000091f00000, 0x0000000091f00000| Untracked 
| 288|0x0000000092000000, 0x0000000092000000, 0x0000000092100000|  0%| F|  |TAMS 0x0000000092000000, 0x0000000092000000| Untracked 
| 289|0x0000000092100000, 0x0000000092200000, 0x0000000092200000|100%| O|  |TAMS 0x0000000092200000, 0x0000000092100000| Untracked 
| 290|0x0000000092200000, 0x0000000092300000, 0x0000000092300000|100%| O|  |TAMS 0x0000000092300000, 0x0000000092200000| Untracked 
| 291|0x0000000092300000, 0x0000000092400000, 0x0000000092400000|100%| O|  |TAMS 0x0000000092400000, 0x0000000092300000| Untracked 
| 292|0x0000000092400000, 0x0000000092500000, 0x0000000092500000|100%| O|  |TAMS 0x0000000092500000, 0x0000000092400000| Untracked 
| 293|0x0000000092500000, 0x0000000092500000, 0x0000000092600000|  0%| F|  |TAMS 0x0000000092500000, 0x0000000092500000| Untracked 
| 294|0x0000000092600000, 0x0000000092600000, 0x0000000092700000|  0%| F|  |TAMS 0x0000000092600000, 0x0000000092600000| Untracked 
| 295|0x0000000092700000, 0x0000000092800000, 0x0000000092800000|100%| O|  |TAMS 0x0000000092800000, 0x0000000092700000| Untracked 
| 296|0x0000000092800000, 0x0000000092900000, 0x0000000092900000|100%| O|  |TAMS 0x0000000092900000, 0x0000000092800000| Untracked 
| 297|0x0000000092900000, 0x0000000092a00000, 0x0000000092a00000|100%| O|  |TAMS 0x0000000092a00000, 0x0000000092900000| Updating 
| 298|0x0000000092a00000, 0x0000000092b00000, 0x0000000092b00000|100%| O|  |TAMS 0x0000000092b00000, 0x0000000092a00000| Updating 
| 299|0x0000000092b00000, 0x0000000092c00000, 0x0000000092c00000|100%| O|  |TAMS 0x0000000092c00000, 0x0000000092b00000| Updating 
| 300|0x0000000092c00000, 0x0000000092d00000, 0x0000000092d00000|100%| O|  |TAMS 0x0000000092d00000, 0x0000000092c00000| Untracked 
| 301|0x0000000092d00000, 0x0000000092e00000, 0x0000000092e00000|100%| O|  |TAMS 0x0000000092e00000, 0x0000000092d00000| Untracked 
| 302|0x0000000092e00000, 0x0000000092f00000, 0x0000000092f00000|100%| O|  |TAMS 0x0000000092f00000, 0x0000000092e00000| Updating 
| 303|0x0000000092f00000, 0x0000000093000000, 0x0000000093000000|100%| O|  |TAMS 0x0000000093000000, 0x0000000092f00000| Untracked 
| 304|0x0000000093000000, 0x0000000093100000, 0x0000000093100000|100%| O|  |TAMS 0x0000000093100000, 0x0000000093000000| Untracked 
| 305|0x0000000093100000, 0x0000000093200000, 0x0000000093200000|100%| O|  |TAMS 0x0000000093200000, 0x0000000093100000| Untracked 
| 306|0x0000000093200000, 0x0000000093300000, 0x0000000093300000|100%| O|  |TAMS 0x0000000093300000, 0x0000000093200000| Untracked 
| 307|0x0000000093300000, 0x0000000093400000, 0x0000000093400000|100%| O|  |TAMS 0x0000000093400000, 0x0000000093300000| Untracked 
| 308|0x0000000093400000, 0x0000000093500000, 0x0000000093500000|100%| O|  |TAMS 0x0000000093500000, 0x0000000093400000| Untracked 
| 309|0x0000000093500000, 0x0000000093600000, 0x0000000093600000|100%| O|  |TAMS 0x0000000093600000, 0x0000000093500000| Untracked 
| 310|0x0000000093600000, 0x0000000093700000, 0x0000000093700000|100%| O|  |TAMS 0x0000000093700000, 0x0000000093600000| Untracked 
| 311|0x0000000093700000, 0x0000000093800000, 0x0000000093800000|100%| O|  |TAMS 0x0000000093800000, 0x0000000093700000| Untracked 
| 312|0x0000000093800000, 0x0000000093900000, 0x0000000093900000|100%| O|  |TAMS 0x0000000093900000, 0x0000000093800000| Untracked 
| 313|0x0000000093900000, 0x0000000093964c00, 0x0000000093a00000| 39%| O|  |TAMS 0x0000000093964c00, 0x0000000093900000| Updating 
| 314|0x0000000093a00000, 0x0000000093a00000, 0x0000000093b00000|  0%| F|  |TAMS 0x0000000093a00000, 0x0000000093a00000| Untracked 
| 315|0x0000000093b00000, 0x0000000093b00000, 0x0000000093c00000|  0%| F|  |TAMS 0x0000000093b00000, 0x0000000093b00000| Untracked 
| 316|0x0000000093c00000, 0x0000000093c00000, 0x0000000093d00000|  0%| F|  |TAMS 0x0000000093c00000, 0x0000000093c00000| Untracked 
| 317|0x0000000093d00000, 0x0000000093d00000, 0x0000000093e00000|  0%| F|  |TAMS 0x0000000093d00000, 0x0000000093d00000| Untracked 
| 318|0x0000000093e00000, 0x0000000093e00000, 0x0000000093f00000|  0%| F|  |TAMS 0x0000000093e00000, 0x0000000093e00000| Untracked 
| 319|0x0000000093f00000, 0x0000000093f00000, 0x0000000094000000|  0%| F|  |TAMS 0x0000000093f00000, 0x0000000093f00000| Untracked 
| 320|0x0000000094000000, 0x0000000094000000, 0x0000000094100000|  0%| F|  |TAMS 0x0000000094000000, 0x0000000094000000| Untracked 
| 321|0x0000000094100000, 0x0000000094100000, 0x0000000094200000|  0%| F|  |TAMS 0x0000000094100000, 0x0000000094100000| Untracked 
| 322|0x0000000094200000, 0x0000000094200000, 0x0000000094300000|  0%| F|  |TAMS 0x0000000094200000, 0x0000000094200000| Untracked 
| 323|0x0000000094300000, 0x0000000094300000, 0x0000000094400000|  0%| F|  |TAMS 0x0000000094300000, 0x0000000094300000| Untracked 
| 324|0x0000000094400000, 0x0000000094400000, 0x0000000094500000|  0%| F|  |TAMS 0x0000000094400000, 0x0000000094400000| Untracked 
| 325|0x0000000094500000, 0x0000000094500000, 0x0000000094600000|  0%| F|  |TAMS 0x0000000094500000, 0x0000000094500000| Untracked 
| 326|0x0000000094600000, 0x0000000094600000, 0x0000000094700000|  0%| F|  |TAMS 0x0000000094600000, 0x0000000094600000| Untracked 
| 327|0x0000000094700000, 0x0000000094700000, 0x0000000094800000|  0%| F|  |TAMS 0x0000000094700000, 0x0000000094700000| Untracked 
| 328|0x0000000094800000, 0x0000000094800000, 0x0000000094900000|  0%| F|  |TAMS 0x0000000094800000, 0x0000000094800000| Untracked 
| 329|0x0000000094900000, 0x0000000094900000, 0x0000000094a00000|  0%| F|  |TAMS 0x0000000094900000, 0x0000000094900000| Untracked 
| 330|0x0000000094a00000, 0x0000000094a00000, 0x0000000094b00000|  0%| F|  |TAMS 0x0000000094a00000, 0x0000000094a00000| Untracked 
| 331|0x0000000094b00000, 0x0000000094b00000, 0x0000000094c00000|  0%| F|  |TAMS 0x0000000094b00000, 0x0000000094b00000| Untracked 
| 332|0x0000000094c00000, 0x0000000094c00000, 0x0000000094d00000|  0%| F|  |TAMS 0x0000000094c00000, 0x0000000094c00000| Untracked 
| 333|0x0000000094d00000, 0x0000000094d00000, 0x0000000094e00000|  0%| F|  |TAMS 0x0000000094d00000, 0x0000000094d00000| Untracked 
| 334|0x0000000094e00000, 0x0000000094e00000, 0x0000000094f00000|  0%| F|  |TAMS 0x0000000094e00000, 0x0000000094e00000| Untracked 
| 335|0x0000000094f00000, 0x0000000094f00000, 0x0000000095000000|  0%| F|  |TAMS 0x0000000094f00000, 0x0000000094f00000| Untracked 
| 336|0x0000000095000000, 0x0000000095100000, 0x0000000095100000|100%| O|  |TAMS 0x0000000095100000, 0x0000000095000000| Untracked 
| 337|0x0000000095100000, 0x0000000095200000, 0x0000000095200000|100%| O|  |TAMS 0x0000000095200000, 0x0000000095100000| Updating 
| 338|0x0000000095200000, 0x0000000095200000, 0x0000000095300000|  0%| F|  |TAMS 0x0000000095200000, 0x0000000095200000| Untracked 
| 339|0x0000000095300000, 0x0000000095400000, 0x0000000095400000|100%| O|  |TAMS 0x0000000095400000, 0x0000000095300000| Updating 
| 340|0x0000000095400000, 0x0000000095500000, 0x0000000095500000|100%| O|  |TAMS 0x0000000095500000, 0x0000000095400000| Updating 
| 341|0x0000000095500000, 0x0000000095500000, 0x0000000095600000|  0%| F|  |TAMS 0x0000000095500000, 0x0000000095500000| Untracked 
| 342|0x0000000095600000, 0x0000000095600000, 0x0000000095700000|  0%| F|  |TAMS 0x0000000095600000, 0x0000000095600000| Untracked 
| 343|0x0000000095700000, 0x0000000095700000, 0x0000000095800000|  0%| F|  |TAMS 0x0000000095700000, 0x0000000095700000| Untracked 
| 344|0x0000000095800000, 0x0000000095900000, 0x0000000095900000|100%| O|  |TAMS 0x0000000095900000, 0x0000000095800000| Updating 
| 345|0x0000000095900000, 0x0000000095900000, 0x0000000095a00000|  0%| F|  |TAMS 0x0000000095900000, 0x0000000095900000| Untracked 
| 346|0x0000000095a00000, 0x0000000095b00000, 0x0000000095b00000|100%| O|  |TAMS 0x0000000095b00000, 0x0000000095a00000| Untracked 
| 347|0x0000000095b00000, 0x0000000095c00000, 0x0000000095c00000|100%| O|  |TAMS 0x0000000095c00000, 0x0000000095b00000| Updating 
| 348|0x0000000095c00000, 0x0000000095d00000, 0x0000000095d00000|100%| O|  |TAMS 0x0000000095d00000, 0x0000000095c00000| Updating 
| 349|0x0000000095d00000, 0x0000000095d00000, 0x0000000095e00000|  0%| F|  |TAMS 0x0000000095d00000, 0x0000000095d00000| Untracked 
| 350|0x0000000095e00000, 0x0000000095f00000, 0x0000000095f00000|100%| O|  |TAMS 0x0000000095f00000, 0x0000000095e00000| Untracked 
| 351|0x0000000095f00000, 0x0000000096000000, 0x0000000096000000|100%| O|  |TAMS 0x0000000096000000, 0x0000000095f00000| Updating 
| 352|0x0000000096000000, 0x0000000096100000, 0x0000000096100000|100%| O|  |TAMS 0x0000000096100000, 0x0000000096000000| Updating 
| 353|0x0000000096100000, 0x0000000096100000, 0x0000000096200000|  0%| F|  |TAMS 0x0000000096100000, 0x0000000096100000| Untracked 
| 354|0x0000000096200000, 0x0000000096200000, 0x0000000096300000|  0%| F|  |TAMS 0x0000000096200000, 0x0000000096200000| Untracked 
| 355|0x0000000096300000, 0x0000000096300000, 0x0000000096400000|  0%| F|  |TAMS 0x0000000096300000, 0x0000000096300000| Untracked 
| 356|0x0000000096400000, 0x0000000096400000, 0x0000000096500000|  0%| F|  |TAMS 0x0000000096400000, 0x0000000096400000| Untracked 
| 357|0x0000000096500000, 0x0000000096500000, 0x0000000096600000|  0%| F|  |TAMS 0x0000000096500000, 0x0000000096500000| Untracked 
| 358|0x0000000096600000, 0x0000000096600000, 0x0000000096700000|  0%| F|  |TAMS 0x0000000096600000, 0x0000000096600000| Untracked 
| 359|0x0000000096700000, 0x0000000096700000, 0x0000000096800000|  0%| F|  |TAMS 0x0000000096700000, 0x0000000096700000| Untracked 
| 360|0x0000000096800000, 0x0000000096800000, 0x0000000096900000|  0%| F|  |TAMS 0x0000000096800000, 0x0000000096800000| Untracked 
| 361|0x0000000096900000, 0x0000000096900000, 0x0000000096a00000|  0%| F|  |TAMS 0x0000000096900000, 0x0000000096900000| Untracked 
| 362|0x0000000096a00000, 0x0000000096b00000, 0x0000000096b00000|100%| O|  |TAMS 0x0000000096b00000, 0x0000000096a00000| Updating 
| 363|0x0000000096b00000, 0x0000000096b00000, 0x0000000096c00000|  0%| F|  |TAMS 0x0000000096b00000, 0x0000000096b00000| Untracked 
| 364|0x0000000096c00000, 0x0000000096d00000, 0x0000000096d00000|100%| O|  |TAMS 0x0000000096d00000, 0x0000000096c00000| Untracked 
| 365|0x0000000096d00000, 0x0000000096d00000, 0x0000000096e00000|  0%| F|  |TAMS 0x0000000096d00000, 0x0000000096d00000| Untracked 
| 366|0x0000000096e00000, 0x0000000096e00000, 0x0000000096f00000|  0%| F|  |TAMS 0x0000000096e00000, 0x0000000096e00000| Untracked 
| 367|0x0000000096f00000, 0x0000000096f00000, 0x0000000097000000|  0%| F|  |TAMS 0x0000000096f00000, 0x0000000096f00000| Untracked 
| 368|0x0000000097000000, 0x0000000097000000, 0x0000000097100000|  0%| F|  |TAMS 0x0000000097000000, 0x0000000097000000| Untracked 
| 369|0x0000000097100000, 0x0000000097100000, 0x0000000097200000|  0%| F|  |TAMS 0x0000000097100000, 0x0000000097100000| Untracked 
| 370|0x0000000097200000, 0x0000000097200000, 0x0000000097300000|  0%| F|  |TAMS 0x0000000097200000, 0x0000000097200000| Untracked 
| 371|0x0000000097300000, 0x0000000097300000, 0x0000000097400000|  0%| F|  |TAMS 0x0000000097300000, 0x0000000097300000| Untracked 
| 372|0x0000000097400000, 0x0000000097500000, 0x0000000097500000|100%| O|  |TAMS 0x0000000097500000, 0x0000000097400000| Updating 
| 373|0x0000000097500000, 0x0000000097500000, 0x0000000097600000|  0%| F|  |TAMS 0x0000000097500000, 0x0000000097500000| Untracked 
| 374|0x0000000097600000, 0x0000000097600000, 0x0000000097700000|  0%| F|  |TAMS 0x0000000097600000, 0x0000000097600000| Untracked 
| 375|0x0000000097700000, 0x0000000097700000, 0x0000000097800000|  0%| F|  |TAMS 0x0000000097700000, 0x0000000097700000| Untracked 
| 376|0x0000000097800000, 0x0000000097800000, 0x0000000097900000|  0%| F|  |TAMS 0x0000000097800000, 0x0000000097800000| Untracked 
| 377|0x0000000097900000, 0x0000000097900000, 0x0000000097a00000|  0%| F|  |TAMS 0x0000000097900000, 0x0000000097900000| Untracked 
| 378|0x0000000097a00000, 0x0000000097a00000, 0x0000000097b00000|  0%| F|  |TAMS 0x0000000097a00000, 0x0000000097a00000| Untracked 
| 379|0x0000000097b00000, 0x0000000097b00000, 0x0000000097c00000|  0%| F|  |TAMS 0x0000000097b00000, 0x0000000097b00000| Untracked 
| 380|0x0000000097c00000, 0x0000000097c00000, 0x0000000097d00000|  0%| F|  |TAMS 0x0000000097c00000, 0x0000000097c00000| Untracked 
| 381|0x0000000097d00000, 0x0000000097d00000, 0x0000000097e00000|  0%| F|  |TAMS 0x0000000097d00000, 0x0000000097d00000| Untracked 
| 382|0x0000000097e00000, 0x0000000097e00000, 0x0000000097f00000|  0%| F|  |TAMS 0x0000000097e00000, 0x0000000097e00000| Untracked 
| 383|0x0000000097f00000, 0x0000000097f00000, 0x0000000098000000|  0%| F|  |TAMS 0x0000000097f00000, 0x0000000097f00000| Untracked 
| 384|0x0000000098000000, 0x0000000098000000, 0x0000000098100000|  0%| F|  |TAMS 0x0000000098000000, 0x0000000098000000| Untracked 
| 385|0x0000000098100000, 0x0000000098100000, 0x0000000098200000|  0%| F|  |TAMS 0x0000000098100000, 0x0000000098100000| Untracked 
| 386|0x0000000098200000, 0x0000000098200000, 0x0000000098300000|  0%| F|  |TAMS 0x0000000098200000, 0x0000000098200000| Untracked 
| 387|0x0000000098300000, 0x0000000098300000, 0x0000000098400000|  0%| F|  |TAMS 0x0000000098300000, 0x0000000098300000| Untracked 
| 388|0x0000000098400000, 0x0000000098400000, 0x0000000098500000|  0%| F|  |TAMS 0x0000000098400000, 0x0000000098400000| Untracked 
| 389|0x0000000098500000, 0x0000000098500000, 0x0000000098600000|  0%| F|  |TAMS 0x0000000098500000, 0x0000000098500000| Untracked 
| 390|0x0000000098600000, 0x0000000098600000, 0x0000000098700000|  0%| F|  |TAMS 0x0000000098600000, 0x0000000098600000| Untracked 
| 391|0x0000000098700000, 0x0000000098700000, 0x0000000098800000|  0%| F|  |TAMS 0x0000000098700000, 0x0000000098700000| Untracked 
| 392|0x0000000098800000, 0x0000000098800000, 0x0000000098900000|  0%| F|  |TAMS 0x0000000098800000, 0x0000000098800000| Untracked 
| 393|0x0000000098900000, 0x0000000098900000, 0x0000000098a00000|  0%| F|  |TAMS 0x0000000098900000, 0x0000000098900000| Untracked 
| 394|0x0000000098a00000, 0x0000000098a00000, 0x0000000098b00000|  0%| F|  |TAMS 0x0000000098a00000, 0x0000000098a00000| Untracked 
| 395|0x0000000098b00000, 0x0000000098b00000, 0x0000000098c00000|  0%| F|  |TAMS 0x0000000098b00000, 0x0000000098b00000| Untracked 
| 396|0x0000000098c00000, 0x0000000098c00000, 0x0000000098d00000|  0%| F|  |TAMS 0x0000000098c00000, 0x0000000098c00000| Untracked 
| 397|0x0000000098d00000, 0x0000000098d00000, 0x0000000098e00000|  0%| F|  |TAMS 0x0000000098d00000, 0x0000000098d00000| Untracked 
| 398|0x0000000098e00000, 0x0000000098e00000, 0x0000000098f00000|  0%| F|  |TAMS 0x0000000098e00000, 0x0000000098e00000| Untracked 
| 399|0x0000000098f00000, 0x0000000098f00000, 0x0000000099000000|  0%| F|  |TAMS 0x0000000098f00000, 0x0000000098f00000| Untracked 
| 400|0x0000000099000000, 0x0000000099000000, 0x0000000099100000|  0%| F|  |TAMS 0x0000000099000000, 0x0000000099000000| Untracked 
| 401|0x0000000099100000, 0x0000000099100000, 0x0000000099200000|  0%| F|  |TAMS 0x0000000099100000, 0x0000000099100000| Untracked 
| 402|0x0000000099200000, 0x0000000099200000, 0x0000000099300000|  0%| F|  |TAMS 0x0000000099200000, 0x0000000099200000| Untracked 
| 403|0x0000000099300000, 0x0000000099300000, 0x0000000099400000|  0%| F|  |TAMS 0x0000000099300000, 0x0000000099300000| Untracked 
| 404|0x0000000099400000, 0x0000000099400000, 0x0000000099500000|  0%| F|  |TAMS 0x0000000099400000, 0x0000000099400000| Untracked 
| 405|0x0000000099500000, 0x0000000099500000, 0x0000000099600000|  0%| F|  |TAMS 0x0000000099500000, 0x0000000099500000| Untracked 
| 406|0x0000000099600000, 0x0000000099600000, 0x0000000099700000|  0%| F|  |TAMS 0x0000000099600000, 0x0000000099600000| Untracked 
| 407|0x0000000099700000, 0x0000000099700000, 0x0000000099800000|  0%| F|  |TAMS 0x0000000099700000, 0x0000000099700000| Untracked 
| 408|0x0000000099800000, 0x0000000099800000, 0x0000000099900000|  0%| F|  |TAMS 0x0000000099800000, 0x0000000099800000| Untracked 
| 409|0x0000000099900000, 0x0000000099900000, 0x0000000099a00000|  0%| F|  |TAMS 0x0000000099900000, 0x0000000099900000| Untracked 
| 410|0x0000000099a00000, 0x0000000099a00000, 0x0000000099b00000|  0%| F|  |TAMS 0x0000000099a00000, 0x0000000099a00000| Untracked 
| 411|0x0000000099b00000, 0x0000000099b00000, 0x0000000099c00000|  0%| F|  |TAMS 0x0000000099b00000, 0x0000000099b00000| Untracked 
| 412|0x0000000099c00000, 0x0000000099c00000, 0x0000000099d00000|  0%| F|  |TAMS 0x0000000099c00000, 0x0000000099c00000| Untracked 
| 413|0x0000000099d00000, 0x0000000099d00000, 0x0000000099e00000|  0%| F|  |TAMS 0x0000000099d00000, 0x0000000099d00000| Untracked 
| 414|0x0000000099e00000, 0x0000000099e00000, 0x0000000099f00000|  0%| F|  |TAMS 0x0000000099e00000, 0x0000000099e00000| Untracked 
| 415|0x0000000099f00000, 0x0000000099f00000, 0x000000009a000000|  0%| F|  |TAMS 0x0000000099f00000, 0x0000000099f00000| Untracked 
| 416|0x000000009a000000, 0x000000009a000000, 0x000000009a100000|  0%| F|  |TAMS 0x000000009a000000, 0x000000009a000000| Untracked 
| 417|0x000000009a100000, 0x000000009a100000, 0x000000009a200000|  0%| F|  |TAMS 0x000000009a100000, 0x000000009a100000| Untracked 
| 418|0x000000009a200000, 0x000000009a200000, 0x000000009a300000|  0%| F|  |TAMS 0x000000009a200000, 0x000000009a200000| Untracked 
| 419|0x000000009a300000, 0x000000009a300000, 0x000000009a400000|  0%| F|  |TAMS 0x000000009a300000, 0x000000009a300000| Untracked 
| 420|0x000000009a400000, 0x000000009a400000, 0x000000009a500000|  0%| F|  |TAMS 0x000000009a400000, 0x000000009a400000| Untracked 
| 421|0x000000009a500000, 0x000000009a500000, 0x000000009a600000|  0%| F|  |TAMS 0x000000009a500000, 0x000000009a500000| Untracked 
| 422|0x000000009a600000, 0x000000009a600000, 0x000000009a700000|  0%| F|  |TAMS 0x000000009a600000, 0x000000009a600000| Untracked 
| 423|0x000000009a700000, 0x000000009a700000, 0x000000009a800000|  0%| F|  |TAMS 0x000000009a700000, 0x000000009a700000| Untracked 
| 424|0x000000009a800000, 0x000000009a800000, 0x000000009a900000|  0%| F|  |TAMS 0x000000009a800000, 0x000000009a800000| Untracked 
| 425|0x000000009a900000, 0x000000009a900000, 0x000000009aa00000|  0%| F|  |TAMS 0x000000009a900000, 0x000000009a900000| Untracked 
| 426|0x000000009aa00000, 0x000000009aa00000, 0x000000009ab00000|  0%| F|  |TAMS 0x000000009aa00000, 0x000000009aa00000| Untracked 
| 427|0x000000009ab00000, 0x000000009ab00000, 0x000000009ac00000|  0%| F|  |TAMS 0x000000009ab00000, 0x000000009ab00000| Untracked 
| 428|0x000000009ac00000, 0x000000009ac00000, 0x000000009ad00000|  0%| F|  |TAMS 0x000000009ac00000, 0x000000009ac00000| Untracked 
| 429|0x000000009ad00000, 0x000000009ad00000, 0x000000009ae00000|  0%| F|  |TAMS 0x000000009ad00000, 0x000000009ad00000| Untracked 
| 430|0x000000009ae00000, 0x000000009ae00000, 0x000000009af00000|  0%| F|  |TAMS 0x000000009ae00000, 0x000000009ae00000| Untracked 
| 431|0x000000009af00000, 0x000000009af00000, 0x000000009b000000|  0%| F|  |TAMS 0x000000009af00000, 0x000000009af00000| Untracked 
| 432|0x000000009b000000, 0x000000009b000000, 0x000000009b100000|  0%| F|  |TAMS 0x000000009b000000, 0x000000009b000000| Untracked 
| 433|0x000000009b100000, 0x000000009b100000, 0x000000009b200000|  0%| F|  |TAMS 0x000000009b100000, 0x000000009b100000| Untracked 
| 434|0x000000009b200000, 0x000000009b200000, 0x000000009b300000|  0%| F|  |TAMS 0x000000009b200000, 0x000000009b200000| Untracked 
| 435|0x000000009b300000, 0x000000009b300000, 0x000000009b400000|  0%| F|  |TAMS 0x000000009b300000, 0x000000009b300000| Untracked 
| 436|0x000000009b400000, 0x000000009b400000, 0x000000009b500000|  0%| F|  |TAMS 0x000000009b400000, 0x000000009b400000| Untracked 
| 437|0x000000009b500000, 0x000000009b500000, 0x000000009b600000|  0%| F|  |TAMS 0x000000009b500000, 0x000000009b500000| Untracked 
| 438|0x000000009b600000, 0x000000009b600000, 0x000000009b700000|  0%| F|  |TAMS 0x000000009b600000, 0x000000009b600000| Untracked 
| 439|0x000000009b700000, 0x000000009b700000, 0x000000009b800000|  0%| F|  |TAMS 0x000000009b700000, 0x000000009b700000| Untracked 
| 440|0x000000009b800000, 0x000000009b800000, 0x000000009b900000|  0%| F|  |TAMS 0x000000009b800000, 0x000000009b800000| Untracked 
| 441|0x000000009b900000, 0x000000009b900000, 0x000000009ba00000|  0%| F|  |TAMS 0x000000009b900000, 0x000000009b900000| Untracked 
| 442|0x000000009ba00000, 0x000000009ba00000, 0x000000009bb00000|  0%| F|  |TAMS 0x000000009ba00000, 0x000000009ba00000| Untracked 
| 443|0x000000009bb00000, 0x000000009bb00000, 0x000000009bc00000|  0%| F|  |TAMS 0x000000009bb00000, 0x000000009bb00000| Untracked 
| 444|0x000000009bc00000, 0x000000009bc00000, 0x000000009bd00000|  0%| F|  |TAMS 0x000000009bc00000, 0x000000009bc00000| Untracked 
| 445|0x000000009bd00000, 0x000000009bd00000, 0x000000009be00000|  0%| F|  |TAMS 0x000000009bd00000, 0x000000009bd00000| Untracked 
| 446|0x000000009be00000, 0x000000009be00000, 0x000000009bf00000|  0%| F|  |TAMS 0x000000009be00000, 0x000000009be00000| Untracked 
| 447|0x000000009bf00000, 0x000000009bf00000, 0x000000009c000000|  0%| F|  |TAMS 0x000000009bf00000, 0x000000009bf00000| Untracked 
| 448|0x000000009c000000, 0x000000009c000000, 0x000000009c100000|  0%| F|  |TAMS 0x000000009c000000, 0x000000009c000000| Untracked 
| 449|0x000000009c100000, 0x000000009c100000, 0x000000009c200000|  0%| F|  |TAMS 0x000000009c100000, 0x000000009c100000| Untracked 
| 450|0x000000009c200000, 0x000000009c200000, 0x000000009c300000|  0%| F|  |TAMS 0x000000009c200000, 0x000000009c200000| Untracked 
| 451|0x000000009c300000, 0x000000009c300000, 0x000000009c400000|  0%| F|  |TAMS 0x000000009c300000, 0x000000009c300000| Untracked 
| 452|0x000000009c400000, 0x000000009c400000, 0x000000009c500000|  0%| F|  |TAMS 0x000000009c400000, 0x000000009c400000| Untracked 
| 453|0x000000009c500000, 0x000000009c500000, 0x000000009c600000|  0%| F|  |TAMS 0x000000009c500000, 0x000000009c500000| Untracked 
| 454|0x000000009c600000, 0x000000009c600000, 0x000000009c700000|  0%| F|  |TAMS 0x000000009c600000, 0x000000009c600000| Untracked 
| 455|0x000000009c700000, 0x000000009c700000, 0x000000009c800000|  0%| F|  |TAMS 0x000000009c700000, 0x000000009c700000| Untracked 
| 456|0x000000009c800000, 0x000000009c800000, 0x000000009c900000|  0%| F|  |TAMS 0x000000009c800000, 0x000000009c800000| Untracked 
| 457|0x000000009c900000, 0x000000009c900000, 0x000000009ca00000|  0%| F|  |TAMS 0x000000009c900000, 0x000000009c900000| Untracked 
| 458|0x000000009ca00000, 0x000000009ca00000, 0x000000009cb00000|  0%| F|  |TAMS 0x000000009ca00000, 0x000000009ca00000| Untracked 
| 459|0x000000009cb00000, 0x000000009cb00000, 0x000000009cc00000|  0%| F|  |TAMS 0x000000009cb00000, 0x000000009cb00000| Untracked 
| 460|0x000000009cc00000, 0x000000009cc00000, 0x000000009cd00000|  0%| F|  |TAMS 0x000000009cc00000, 0x000000009cc00000| Untracked 
| 461|0x000000009cd00000, 0x000000009cd00000, 0x000000009ce00000|  0%| F|  |TAMS 0x000000009cd00000, 0x000000009cd00000| Untracked 
| 462|0x000000009ce00000, 0x000000009ce00000, 0x000000009cf00000|  0%| F|  |TAMS 0x000000009ce00000, 0x000000009ce00000| Untracked 
| 463|0x000000009cf00000, 0x000000009cf00000, 0x000000009d000000|  0%| F|  |TAMS 0x000000009cf00000, 0x000000009cf00000| Untracked 
| 464|0x000000009d000000, 0x000000009d000000, 0x000000009d100000|  0%| F|  |TAMS 0x000000009d000000, 0x000000009d000000| Untracked 
| 465|0x000000009d100000, 0x000000009d100000, 0x000000009d200000|  0%| F|  |TAMS 0x000000009d100000, 0x000000009d100000| Untracked 
| 466|0x000000009d200000, 0x000000009d200000, 0x000000009d300000|  0%| F|  |TAMS 0x000000009d200000, 0x000000009d200000| Untracked 
| 467|0x000000009d300000, 0x000000009d300000, 0x000000009d400000|  0%| F|  |TAMS 0x000000009d300000, 0x000000009d300000| Untracked 
| 468|0x000000009d400000, 0x000000009d400000, 0x000000009d500000|  0%| F|  |TAMS 0x000000009d400000, 0x000000009d400000| Untracked 
| 469|0x000000009d500000, 0x000000009d500000, 0x000000009d600000|  0%| F|  |TAMS 0x000000009d500000, 0x000000009d500000| Untracked 
| 470|0x000000009d600000, 0x000000009d600000, 0x000000009d700000|  0%| F|  |TAMS 0x000000009d600000, 0x000000009d600000| Untracked 
| 471|0x000000009d700000, 0x000000009d700000, 0x000000009d800000|  0%| F|  |TAMS 0x000000009d700000, 0x000000009d700000| Untracked 
| 472|0x000000009d800000, 0x000000009d800000, 0x000000009d900000|  0%| F|  |TAMS 0x000000009d800000, 0x000000009d800000| Untracked 
| 473|0x000000009d900000, 0x000000009d900000, 0x000000009da00000|  0%| F|  |TAMS 0x000000009d900000, 0x000000009d900000| Untracked 
| 474|0x000000009da00000, 0x000000009da00000, 0x000000009db00000|  0%| F|  |TAMS 0x000000009da00000, 0x000000009da00000| Untracked 
| 475|0x000000009db00000, 0x000000009db00000, 0x000000009dc00000|  0%| F|  |TAMS 0x000000009db00000, 0x000000009db00000| Untracked 
| 476|0x000000009dc00000, 0x000000009dc00000, 0x000000009dd00000|  0%| F|  |TAMS 0x000000009dc00000, 0x000000009dc00000| Untracked 
| 477|0x000000009dd00000, 0x000000009dd00000, 0x000000009de00000|  0%| F|  |TAMS 0x000000009dd00000, 0x000000009dd00000| Untracked 
| 478|0x000000009de00000, 0x000000009de00000, 0x000000009df00000|  0%| F|  |TAMS 0x000000009de00000, 0x000000009de00000| Untracked 
| 479|0x000000009df00000, 0x000000009df00000, 0x000000009e000000|  0%| F|  |TAMS 0x000000009df00000, 0x000000009df00000| Untracked 
| 480|0x000000009e000000, 0x000000009e000000, 0x000000009e100000|  0%| F|  |TAMS 0x000000009e000000, 0x000000009e000000| Untracked 
| 481|0x000000009e100000, 0x000000009e100000, 0x000000009e200000|  0%| F|  |TAMS 0x000000009e100000, 0x000000009e100000| Untracked 
| 482|0x000000009e200000, 0x000000009e200000, 0x000000009e300000|  0%| F|  |TAMS 0x000000009e200000, 0x000000009e200000| Untracked 
| 483|0x000000009e300000, 0x000000009e300000, 0x000000009e400000|  0%| F|  |TAMS 0x000000009e300000, 0x000000009e300000| Untracked 
| 484|0x000000009e400000, 0x000000009e400000, 0x000000009e500000|  0%| F|  |TAMS 0x000000009e400000, 0x000000009e400000| Untracked 
| 485|0x000000009e500000, 0x000000009e500000, 0x000000009e600000|  0%| F|  |TAMS 0x000000009e500000, 0x000000009e500000| Untracked 
| 486|0x000000009e600000, 0x000000009e600000, 0x000000009e700000|  0%| F|  |TAMS 0x000000009e600000, 0x000000009e600000| Untracked 
| 487|0x000000009e700000, 0x000000009e700000, 0x000000009e800000|  0%| F|  |TAMS 0x000000009e700000, 0x000000009e700000| Untracked 
| 488|0x000000009e800000, 0x000000009e800000, 0x000000009e900000|  0%| F|  |TAMS 0x000000009e800000, 0x000000009e800000| Untracked 
| 489|0x000000009e900000, 0x000000009e900000, 0x000000009ea00000|  0%| F|  |TAMS 0x000000009e900000, 0x000000009e900000| Untracked 
| 490|0x000000009ea00000, 0x000000009ea00000, 0x000000009eb00000|  0%| F|  |TAMS 0x000000009ea00000, 0x000000009ea00000| Untracked 
| 491|0x000000009eb00000, 0x000000009eb00000, 0x000000009ec00000|  0%| F|  |TAMS 0x000000009eb00000, 0x000000009eb00000| Untracked 
| 492|0x000000009ec00000, 0x000000009ec00000, 0x000000009ed00000|  0%| F|  |TAMS 0x000000009ec00000, 0x000000009ec00000| Untracked 
| 493|0x000000009ed00000, 0x000000009ed00000, 0x000000009ee00000|  0%| F|  |TAMS 0x000000009ed00000, 0x000000009ed00000| Untracked 
| 494|0x000000009ee00000, 0x000000009ee00000, 0x000000009ef00000|  0%| F|  |TAMS 0x000000009ee00000, 0x000000009ee00000| Untracked 
| 495|0x000000009ef00000, 0x000000009ef00000, 0x000000009f000000|  0%| F|  |TAMS 0x000000009ef00000, 0x000000009ef00000| Untracked 
| 496|0x000000009f000000, 0x000000009f000000, 0x000000009f100000|  0%| F|  |TAMS 0x000000009f000000, 0x000000009f000000| Untracked 
| 497|0x000000009f100000, 0x000000009f100000, 0x000000009f200000|  0%| F|  |TAMS 0x000000009f100000, 0x000000009f100000| Untracked 
| 498|0x000000009f200000, 0x000000009f200000, 0x000000009f300000|  0%| F|  |TAMS 0x000000009f200000, 0x000000009f200000| Untracked 
| 499|0x000000009f300000, 0x000000009f300000, 0x000000009f400000|  0%| F|  |TAMS 0x000000009f300000, 0x000000009f300000| Untracked 
| 500|0x000000009f400000, 0x000000009f400000, 0x000000009f500000|  0%| F|  |TAMS 0x000000009f400000, 0x000000009f400000| Untracked 
| 501|0x000000009f500000, 0x000000009f500000, 0x000000009f600000|  0%| F|  |TAMS 0x000000009f500000, 0x000000009f500000| Untracked 
| 502|0x000000009f600000, 0x000000009f600000, 0x000000009f700000|  0%| F|  |TAMS 0x000000009f600000, 0x000000009f600000| Untracked 
| 503|0x000000009f700000, 0x000000009f700000, 0x000000009f800000|  0%| F|  |TAMS 0x000000009f700000, 0x000000009f700000| Untracked 
| 504|0x000000009f800000, 0x000000009f800000, 0x000000009f900000|  0%| F|  |TAMS 0x000000009f800000, 0x000000009f800000| Untracked 
| 505|0x000000009f900000, 0x000000009f900000, 0x000000009fa00000|  0%| F|  |TAMS 0x000000009f900000, 0x000000009f900000| Untracked 
| 506|0x000000009fa00000, 0x000000009fa00000, 0x000000009fb00000|  0%| F|  |TAMS 0x000000009fa00000, 0x000000009fa00000| Untracked 
| 507|0x000000009fb00000, 0x000000009fb00000, 0x000000009fc00000|  0%| F|  |TAMS 0x000000009fb00000, 0x000000009fb00000| Untracked 
| 508|0x000000009fc00000, 0x000000009fc00000, 0x000000009fd00000|  0%| F|  |TAMS 0x000000009fc00000, 0x000000009fc00000| Untracked 
| 509|0x000000009fd00000, 0x000000009fd00000, 0x000000009fe00000|  0%| F|  |TAMS 0x000000009fd00000, 0x000000009fd00000| Untracked 
| 510|0x000000009fe00000, 0x000000009fe00000, 0x000000009ff00000|  0%| F|  |TAMS 0x000000009fe00000, 0x000000009fe00000| Untracked 
| 511|0x000000009ff00000, 0x000000009ff00000, 0x00000000a0000000|  0%| F|  |TAMS 0x000000009ff00000, 0x000000009ff00000| Untracked 
| 512|0x00000000a0000000, 0x00000000a0000000, 0x00000000a0100000|  0%| F|  |TAMS 0x00000000a0000000, 0x00000000a0000000| Untracked 
| 513|0x00000000a0100000, 0x00000000a0100000, 0x00000000a0200000|  0%| F|  |TAMS 0x00000000a0100000, 0x00000000a0100000| Untracked 
| 514|0x00000000a0200000, 0x00000000a0200000, 0x00000000a0300000|  0%| F|  |TAMS 0x00000000a0200000, 0x00000000a0200000| Untracked 
| 515|0x00000000a0300000, 0x00000000a0300000, 0x00000000a0400000|  0%| F|  |TAMS 0x00000000a0300000, 0x00000000a0300000| Untracked 
| 516|0x00000000a0400000, 0x00000000a0400000, 0x00000000a0500000|  0%| F|  |TAMS 0x00000000a0400000, 0x00000000a0400000| Untracked 
| 517|0x00000000a0500000, 0x00000000a0500000, 0x00000000a0600000|  0%| F|  |TAMS 0x00000000a0500000, 0x00000000a0500000| Untracked 
| 518|0x00000000a0600000, 0x00000000a0600000, 0x00000000a0700000|  0%| F|  |TAMS 0x00000000a0600000, 0x00000000a0600000| Untracked 
| 519|0x00000000a0700000, 0x00000000a0700000, 0x00000000a0800000|  0%| F|  |TAMS 0x00000000a0700000, 0x00000000a0700000| Untracked 
| 520|0x00000000a0800000, 0x00000000a0800000, 0x00000000a0900000|  0%| F|  |TAMS 0x00000000a0800000, 0x00000000a0800000| Untracked 
| 521|0x00000000a0900000, 0x00000000a0900000, 0x00000000a0a00000|  0%| F|  |TAMS 0x00000000a0900000, 0x00000000a0900000| Untracked 
| 522|0x00000000a0a00000, 0x00000000a0a00000, 0x00000000a0b00000|  0%| F|  |TAMS 0x00000000a0a00000, 0x00000000a0a00000| Untracked 
| 523|0x00000000a0b00000, 0x00000000a0b00000, 0x00000000a0c00000|  0%| F|  |TAMS 0x00000000a0b00000, 0x00000000a0b00000| Untracked 
| 524|0x00000000a0c00000, 0x00000000a0c00000, 0x00000000a0d00000|  0%| F|  |TAMS 0x00000000a0c00000, 0x00000000a0c00000| Untracked 
| 525|0x00000000a0d00000, 0x00000000a0d00000, 0x00000000a0e00000|  0%| F|  |TAMS 0x00000000a0d00000, 0x00000000a0d00000| Untracked 
| 526|0x00000000a0e00000, 0x00000000a0e00000, 0x00000000a0f00000|  0%| F|  |TAMS 0x00000000a0e00000, 0x00000000a0e00000| Untracked 
| 527|0x00000000a0f00000, 0x00000000a0f00000, 0x00000000a1000000|  0%| F|  |TAMS 0x00000000a0f00000, 0x00000000a0f00000| Untracked 
| 528|0x00000000a1000000, 0x00000000a1000000, 0x00000000a1100000|  0%| F|  |TAMS 0x00000000a1000000, 0x00000000a1000000| Untracked 
| 529|0x00000000a1100000, 0x00000000a1100000, 0x00000000a1200000|  0%| F|  |TAMS 0x00000000a1100000, 0x00000000a1100000| Untracked 
| 530|0x00000000a1200000, 0x00000000a1200000, 0x00000000a1300000|  0%| F|  |TAMS 0x00000000a1200000, 0x00000000a1200000| Untracked 
| 531|0x00000000a1300000, 0x00000000a1300000, 0x00000000a1400000|  0%| F|  |TAMS 0x00000000a1300000, 0x00000000a1300000| Untracked 
| 532|0x00000000a1400000, 0x00000000a1400000, 0x00000000a1500000|  0%| F|  |TAMS 0x00000000a1400000, 0x00000000a1400000| Untracked 
| 533|0x00000000a1500000, 0x00000000a1500000, 0x00000000a1600000|  0%| F|  |TAMS 0x00000000a1500000, 0x00000000a1500000| Untracked 
| 534|0x00000000a1600000, 0x00000000a1600000, 0x00000000a1700000|  0%| F|  |TAMS 0x00000000a1600000, 0x00000000a1600000| Untracked 
| 535|0x00000000a1700000, 0x00000000a1700000, 0x00000000a1800000|  0%| F|  |TAMS 0x00000000a1700000, 0x00000000a1700000| Untracked 
| 536|0x00000000a1800000, 0x00000000a1800000, 0x00000000a1900000|  0%| F|  |TAMS 0x00000000a1800000, 0x00000000a1800000| Untracked 
| 537|0x00000000a1900000, 0x00000000a1900000, 0x00000000a1a00000|  0%| F|  |TAMS 0x00000000a1900000, 0x00000000a1900000| Untracked 
| 538|0x00000000a1a00000, 0x00000000a1a00000, 0x00000000a1b00000|  0%| F|  |TAMS 0x00000000a1a00000, 0x00000000a1a00000| Untracked 
| 539|0x00000000a1b00000, 0x00000000a1b00000, 0x00000000a1c00000|  0%| F|  |TAMS 0x00000000a1b00000, 0x00000000a1b00000| Untracked 
| 540|0x00000000a1c00000, 0x00000000a1c00000, 0x00000000a1d00000|  0%| F|  |TAMS 0x00000000a1c00000, 0x00000000a1c00000| Untracked 
| 541|0x00000000a1d00000, 0x00000000a1d00000, 0x00000000a1e00000|  0%| F|  |TAMS 0x00000000a1d00000, 0x00000000a1d00000| Untracked 
| 542|0x00000000a1e00000, 0x00000000a1e00000, 0x00000000a1f00000|  0%| F|  |TAMS 0x00000000a1e00000, 0x00000000a1e00000| Untracked 
| 543|0x00000000a1f00000, 0x00000000a1f00000, 0x00000000a2000000|  0%| F|  |TAMS 0x00000000a1f00000, 0x00000000a1f00000| Untracked 
| 544|0x00000000a2000000, 0x00000000a2000000, 0x00000000a2100000|  0%| F|  |TAMS 0x00000000a2000000, 0x00000000a2000000| Untracked 
| 545|0x00000000a2100000, 0x00000000a2100000, 0x00000000a2200000|  0%| F|  |TAMS 0x00000000a2100000, 0x00000000a2100000| Untracked 
| 546|0x00000000a2200000, 0x00000000a2200000, 0x00000000a2300000|  0%| F|  |TAMS 0x00000000a2200000, 0x00000000a2200000| Untracked 
| 547|0x00000000a2300000, 0x00000000a2300000, 0x00000000a2400000|  0%| F|  |TAMS 0x00000000a2300000, 0x00000000a2300000| Untracked 
| 548|0x00000000a2400000, 0x00000000a2400000, 0x00000000a2500000|  0%| F|  |TAMS 0x00000000a2400000, 0x00000000a2400000| Untracked 
| 549|0x00000000a2500000, 0x00000000a2500000, 0x00000000a2600000|  0%| F|  |TAMS 0x00000000a2500000, 0x00000000a2500000| Untracked 
| 550|0x00000000a2600000, 0x00000000a2600000, 0x00000000a2700000|  0%| F|  |TAMS 0x00000000a2600000, 0x00000000a2600000| Untracked 
| 551|0x00000000a2700000, 0x00000000a2700000, 0x00000000a2800000|  0%| F|  |TAMS 0x00000000a2700000, 0x00000000a2700000| Untracked 
| 552|0x00000000a2800000, 0x00000000a2800000, 0x00000000a2900000|  0%| F|  |TAMS 0x00000000a2800000, 0x00000000a2800000| Untracked 
| 553|0x00000000a2900000, 0x00000000a2900000, 0x00000000a2a00000|  0%| F|  |TAMS 0x00000000a2900000, 0x00000000a2900000| Untracked 
| 554|0x00000000a2a00000, 0x00000000a2a00000, 0x00000000a2b00000|  0%| F|  |TAMS 0x00000000a2a00000, 0x00000000a2a00000| Untracked 
| 555|0x00000000a2b00000, 0x00000000a2b00000, 0x00000000a2c00000|  0%| F|  |TAMS 0x00000000a2b00000, 0x00000000a2b00000| Untracked 
| 556|0x00000000a2c00000, 0x00000000a2c00000, 0x00000000a2d00000|  0%| F|  |TAMS 0x00000000a2c00000, 0x00000000a2c00000| Untracked 
| 557|0x00000000a2d00000, 0x00000000a2d00000, 0x00000000a2e00000|  0%| F|  |TAMS 0x00000000a2d00000, 0x00000000a2d00000| Untracked 
| 558|0x00000000a2e00000, 0x00000000a2e00000, 0x00000000a2f00000|  0%| F|  |TAMS 0x00000000a2e00000, 0x00000000a2e00000| Untracked 
| 559|0x00000000a2f00000, 0x00000000a2f00000, 0x00000000a3000000|  0%| F|  |TAMS 0x00000000a2f00000, 0x00000000a2f00000| Untracked 
| 560|0x00000000a3000000, 0x00000000a3000000, 0x00000000a3100000|  0%| F|  |TAMS 0x00000000a3000000, 0x00000000a3000000| Untracked 
| 561|0x00000000a3100000, 0x00000000a3100000, 0x00000000a3200000|  0%| F|  |TAMS 0x00000000a3100000, 0x00000000a3100000| Untracked 
| 562|0x00000000a3200000, 0x00000000a3200000, 0x00000000a3300000|  0%| F|  |TAMS 0x00000000a3200000, 0x00000000a3200000| Untracked 
| 563|0x00000000a3300000, 0x00000000a3300000, 0x00000000a3400000|  0%| F|  |TAMS 0x00000000a3300000, 0x00000000a3300000| Untracked 
| 564|0x00000000a3400000, 0x00000000a3400000, 0x00000000a3500000|  0%| F|  |TAMS 0x00000000a3400000, 0x00000000a3400000| Untracked 
| 565|0x00000000a3500000, 0x00000000a3500000, 0x00000000a3600000|  0%| F|  |TAMS 0x00000000a3500000, 0x00000000a3500000| Untracked 
| 566|0x00000000a3600000, 0x00000000a3600000, 0x00000000a3700000|  0%| F|  |TAMS 0x00000000a3600000, 0x00000000a3600000| Untracked 
| 567|0x00000000a3700000, 0x00000000a3700000, 0x00000000a3800000|  0%| F|  |TAMS 0x00000000a3700000, 0x00000000a3700000| Untracked 
| 568|0x00000000a3800000, 0x00000000a3800000, 0x00000000a3900000|  0%| F|  |TAMS 0x00000000a3800000, 0x00000000a3800000| Untracked 
| 569|0x00000000a3900000, 0x00000000a3900000, 0x00000000a3a00000|  0%| F|  |TAMS 0x00000000a3900000, 0x00000000a3900000| Untracked 
| 570|0x00000000a3a00000, 0x00000000a3a00000, 0x00000000a3b00000|  0%| F|  |TAMS 0x00000000a3a00000, 0x00000000a3a00000| Untracked 
| 571|0x00000000a3b00000, 0x00000000a3b00000, 0x00000000a3c00000|  0%| F|  |TAMS 0x00000000a3b00000, 0x00000000a3b00000| Untracked 
| 572|0x00000000a3c00000, 0x00000000a3c00000, 0x00000000a3d00000|  0%| F|  |TAMS 0x00000000a3c00000, 0x00000000a3c00000| Untracked 
| 573|0x00000000a3d00000, 0x00000000a3d00000, 0x00000000a3e00000|  0%| F|  |TAMS 0x00000000a3d00000, 0x00000000a3d00000| Untracked 
| 574|0x00000000a3e00000, 0x00000000a3e00000, 0x00000000a3f00000|  0%| F|  |TAMS 0x00000000a3e00000, 0x00000000a3e00000| Untracked 
| 575|0x00000000a3f00000, 0x00000000a3f00000, 0x00000000a4000000|  0%| F|  |TAMS 0x00000000a3f00000, 0x00000000a3f00000| Untracked 
| 576|0x00000000a4000000, 0x00000000a4000000, 0x00000000a4100000|  0%| F|  |TAMS 0x00000000a4000000, 0x00000000a4000000| Untracked 
| 577|0x00000000a4100000, 0x00000000a4100000, 0x00000000a4200000|  0%| F|  |TAMS 0x00000000a4100000, 0x00000000a4100000| Untracked 
| 578|0x00000000a4200000, 0x00000000a4200000, 0x00000000a4300000|  0%| F|  |TAMS 0x00000000a4200000, 0x00000000a4200000| Untracked 
| 579|0x00000000a4300000, 0x00000000a4300000, 0x00000000a4400000|  0%| F|  |TAMS 0x00000000a4300000, 0x00000000a4300000| Untracked 
| 580|0x00000000a4400000, 0x00000000a4400000, 0x00000000a4500000|  0%| F|  |TAMS 0x00000000a4400000, 0x00000000a4400000| Untracked 
| 581|0x00000000a4500000, 0x00000000a4500000, 0x00000000a4600000|  0%| F|  |TAMS 0x00000000a4500000, 0x00000000a4500000| Untracked 
| 582|0x00000000a4600000, 0x00000000a4600000, 0x00000000a4700000|  0%| F|  |TAMS 0x00000000a4600000, 0x00000000a4600000| Untracked 
| 583|0x00000000a4700000, 0x00000000a4700000, 0x00000000a4800000|  0%| F|  |TAMS 0x00000000a4700000, 0x00000000a4700000| Untracked 
| 584|0x00000000a4800000, 0x00000000a4800000, 0x00000000a4900000|  0%| F|  |TAMS 0x00000000a4800000, 0x00000000a4800000| Untracked 
| 585|0x00000000a4900000, 0x00000000a4900000, 0x00000000a4a00000|  0%| F|  |TAMS 0x00000000a4900000, 0x00000000a4900000| Untracked 
| 586|0x00000000a4a00000, 0x00000000a4a00000, 0x00000000a4b00000|  0%| F|  |TAMS 0x00000000a4a00000, 0x00000000a4a00000| Untracked 
| 587|0x00000000a4b00000, 0x00000000a4b00000, 0x00000000a4c00000|  0%| F|  |TAMS 0x00000000a4b00000, 0x00000000a4b00000| Untracked 
| 588|0x00000000a4c00000, 0x00000000a4c00000, 0x00000000a4d00000|  0%| F|  |TAMS 0x00000000a4c00000, 0x00000000a4c00000| Untracked 
| 589|0x00000000a4d00000, 0x00000000a4d00000, 0x00000000a4e00000|  0%| F|  |TAMS 0x00000000a4d00000, 0x00000000a4d00000| Untracked 
| 590|0x00000000a4e00000, 0x00000000a4e00000, 0x00000000a4f00000|  0%| F|  |TAMS 0x00000000a4e00000, 0x00000000a4e00000| Untracked 
| 591|0x00000000a4f00000, 0x00000000a4f00000, 0x00000000a5000000|  0%| F|  |TAMS 0x00000000a4f00000, 0x00000000a4f00000| Untracked 
| 592|0x00000000a5000000, 0x00000000a5000000, 0x00000000a5100000|  0%| F|  |TAMS 0x00000000a5000000, 0x00000000a5000000| Untracked 
| 593|0x00000000a5100000, 0x00000000a5100000, 0x00000000a5200000|  0%| F|  |TAMS 0x00000000a5100000, 0x00000000a5100000| Untracked 
| 594|0x00000000a5200000, 0x00000000a5200000, 0x00000000a5300000|  0%| F|  |TAMS 0x00000000a5200000, 0x00000000a5200000| Untracked 
| 595|0x00000000a5300000, 0x00000000a5300000, 0x00000000a5400000|  0%| F|  |TAMS 0x00000000a5300000, 0x00000000a5300000| Untracked 
| 596|0x00000000a5400000, 0x00000000a5400000, 0x00000000a5500000|  0%| F|  |TAMS 0x00000000a5400000, 0x00000000a5400000| Untracked 
| 597|0x00000000a5500000, 0x00000000a5500000, 0x00000000a5600000|  0%| F|  |TAMS 0x00000000a5500000, 0x00000000a5500000| Untracked 
| 598|0x00000000a5600000, 0x00000000a5600000, 0x00000000a5700000|  0%| F|  |TAMS 0x00000000a5600000, 0x00000000a5600000| Untracked 
| 599|0x00000000a5700000, 0x00000000a5700000, 0x00000000a5800000|  0%| F|  |TAMS 0x00000000a5700000, 0x00000000a5700000| Untracked 
| 600|0x00000000a5800000, 0x00000000a5800000, 0x00000000a5900000|  0%| F|  |TAMS 0x00000000a5800000, 0x00000000a5800000| Untracked 
| 601|0x00000000a5900000, 0x00000000a5900000, 0x00000000a5a00000|  0%| F|  |TAMS 0x00000000a5900000, 0x00000000a5900000| Untracked 
| 602|0x00000000a5a00000, 0x00000000a5a00000, 0x00000000a5b00000|  0%| F|  |TAMS 0x00000000a5a00000, 0x00000000a5a00000| Untracked 
| 603|0x00000000a5b00000, 0x00000000a5b00000, 0x00000000a5c00000|  0%| F|  |TAMS 0x00000000a5b00000, 0x00000000a5b00000| Untracked 
| 604|0x00000000a5c00000, 0x00000000a5c00000, 0x00000000a5d00000|  0%| F|  |TAMS 0x00000000a5c00000, 0x00000000a5c00000| Untracked 
| 605|0x00000000a5d00000, 0x00000000a5d00000, 0x00000000a5e00000|  0%| F|  |TAMS 0x00000000a5d00000, 0x00000000a5d00000| Untracked 
| 606|0x00000000a5e00000, 0x00000000a5e00000, 0x00000000a5f00000|  0%| F|  |TAMS 0x00000000a5e00000, 0x00000000a5e00000| Untracked 
| 607|0x00000000a5f00000, 0x00000000a5f00000, 0x00000000a6000000|  0%| F|  |TAMS 0x00000000a5f00000, 0x00000000a5f00000| Untracked 
| 608|0x00000000a6000000, 0x00000000a6000000, 0x00000000a6100000|  0%| F|  |TAMS 0x00000000a6000000, 0x00000000a6000000| Untracked 
| 609|0x00000000a6100000, 0x00000000a6100000, 0x00000000a6200000|  0%| F|  |TAMS 0x00000000a6100000, 0x00000000a6100000| Untracked 
| 610|0x00000000a6200000, 0x00000000a6200000, 0x00000000a6300000|  0%| F|  |TAMS 0x00000000a6200000, 0x00000000a6200000| Untracked 
| 611|0x00000000a6300000, 0x00000000a6300000, 0x00000000a6400000|  0%| F|  |TAMS 0x00000000a6300000, 0x00000000a6300000| Untracked 
| 612|0x00000000a6400000, 0x00000000a6400000, 0x00000000a6500000|  0%| F|  |TAMS 0x00000000a6400000, 0x00000000a6400000| Untracked 
| 613|0x00000000a6500000, 0x00000000a6500000, 0x00000000a6600000|  0%| F|  |TAMS 0x00000000a6500000, 0x00000000a6500000| Untracked 
| 614|0x00000000a6600000, 0x00000000a6600000, 0x00000000a6700000|  0%| F|  |TAMS 0x00000000a6600000, 0x00000000a6600000| Untracked 
| 615|0x00000000a6700000, 0x00000000a6700000, 0x00000000a6800000|  0%| F|  |TAMS 0x00000000a6700000, 0x00000000a6700000| Untracked 
| 616|0x00000000a6800000, 0x00000000a6800000, 0x00000000a6900000|  0%| F|  |TAMS 0x00000000a6800000, 0x00000000a6800000| Untracked 
| 617|0x00000000a6900000, 0x00000000a6900000, 0x00000000a6a00000|  0%| F|  |TAMS 0x00000000a6900000, 0x00000000a6900000| Untracked 
| 618|0x00000000a6a00000, 0x00000000a6a00000, 0x00000000a6b00000|  0%| F|  |TAMS 0x00000000a6a00000, 0x00000000a6a00000| Untracked 
| 619|0x00000000a6b00000, 0x00000000a6b00000, 0x00000000a6c00000|  0%| F|  |TAMS 0x00000000a6b00000, 0x00000000a6b00000| Untracked 
| 620|0x00000000a6c00000, 0x00000000a6c00000, 0x00000000a6d00000|  0%| F|  |TAMS 0x00000000a6c00000, 0x00000000a6c00000| Untracked 
| 621|0x00000000a6d00000, 0x00000000a6d00000, 0x00000000a6e00000|  0%| F|  |TAMS 0x00000000a6d00000, 0x00000000a6d00000| Untracked 
| 622|0x00000000a6e00000, 0x00000000a6e00000, 0x00000000a6f00000|  0%| F|  |TAMS 0x00000000a6e00000, 0x00000000a6e00000| Untracked 
| 623|0x00000000a6f00000, 0x00000000a6f00000, 0x00000000a7000000|  0%| F|  |TAMS 0x00000000a6f00000, 0x00000000a6f00000| Untracked 
| 624|0x00000000a7000000, 0x00000000a7000000, 0x00000000a7100000|  0%| F|  |TAMS 0x00000000a7000000, 0x00000000a7000000| Untracked 
| 625|0x00000000a7100000, 0x00000000a7100000, 0x00000000a7200000|  0%| F|  |TAMS 0x00000000a7100000, 0x00000000a7100000| Untracked 
| 626|0x00000000a7200000, 0x00000000a7200000, 0x00000000a7300000|  0%| F|  |TAMS 0x00000000a7200000, 0x00000000a7200000| Untracked 
| 627|0x00000000a7300000, 0x00000000a7300000, 0x00000000a7400000|  0%| F|  |TAMS 0x00000000a7300000, 0x00000000a7300000| Untracked 
| 628|0x00000000a7400000, 0x00000000a7400000, 0x00000000a7500000|  0%| F|  |TAMS 0x00000000a7400000, 0x00000000a7400000| Untracked 
| 629|0x00000000a7500000, 0x00000000a7500000, 0x00000000a7600000|  0%| F|  |TAMS 0x00000000a7500000, 0x00000000a7500000| Untracked 
| 630|0x00000000a7600000, 0x00000000a7600000, 0x00000000a7700000|  0%| F|  |TAMS 0x00000000a7600000, 0x00000000a7600000| Untracked 
| 631|0x00000000a7700000, 0x00000000a7700000, 0x00000000a7800000|  0%| F|  |TAMS 0x00000000a7700000, 0x00000000a7700000| Untracked 
| 632|0x00000000a7800000, 0x00000000a7800000, 0x00000000a7900000|  0%| F|  |TAMS 0x00000000a7800000, 0x00000000a7800000| Untracked 
| 633|0x00000000a7900000, 0x00000000a7900000, 0x00000000a7a00000|  0%| F|  |TAMS 0x00000000a7900000, 0x00000000a7900000| Untracked 
| 634|0x00000000a7a00000, 0x00000000a7a00000, 0x00000000a7b00000|  0%| F|  |TAMS 0x00000000a7a00000, 0x00000000a7a00000| Untracked 
| 635|0x00000000a7b00000, 0x00000000a7b00000, 0x00000000a7c00000|  0%| F|  |TAMS 0x00000000a7b00000, 0x00000000a7b00000| Untracked 
| 636|0x00000000a7c00000, 0x00000000a7c00000, 0x00000000a7d00000|  0%| F|  |TAMS 0x00000000a7c00000, 0x00000000a7c00000| Untracked 
| 637|0x00000000a7d00000, 0x00000000a7d00000, 0x00000000a7e00000|  0%| F|  |TAMS 0x00000000a7d00000, 0x00000000a7d00000| Untracked 
| 638|0x00000000a7e00000, 0x00000000a7e00000, 0x00000000a7f00000|  0%| F|  |TAMS 0x00000000a7e00000, 0x00000000a7e00000| Untracked 
| 639|0x00000000a7f00000, 0x00000000a7f00000, 0x00000000a8000000|  0%| F|  |TAMS 0x00000000a7f00000, 0x00000000a7f00000| Untracked 
| 640|0x00000000a8000000, 0x00000000a8000000, 0x00000000a8100000|  0%| F|  |TAMS 0x00000000a8000000, 0x00000000a8000000| Untracked 
| 641|0x00000000a8100000, 0x00000000a8100000, 0x00000000a8200000|  0%| F|  |TAMS 0x00000000a8100000, 0x00000000a8100000| Untracked 
| 642|0x00000000a8200000, 0x00000000a8200000, 0x00000000a8300000|  0%| F|  |TAMS 0x00000000a8200000, 0x00000000a8200000| Untracked 
| 643|0x00000000a8300000, 0x00000000a8300000, 0x00000000a8400000|  0%| F|  |TAMS 0x00000000a8300000, 0x00000000a8300000| Untracked 
| 644|0x00000000a8400000, 0x00000000a8400000, 0x00000000a8500000|  0%| F|  |TAMS 0x00000000a8400000, 0x00000000a8400000| Untracked 
| 645|0x00000000a8500000, 0x00000000a8500000, 0x00000000a8600000|  0%| F|  |TAMS 0x00000000a8500000, 0x00000000a8500000| Untracked 
| 646|0x00000000a8600000, 0x00000000a8600000, 0x00000000a8700000|  0%| F|  |TAMS 0x00000000a8600000, 0x00000000a8600000| Untracked 
| 647|0x00000000a8700000, 0x00000000a8700000, 0x00000000a8800000|  0%| F|  |TAMS 0x00000000a8700000, 0x00000000a8700000| Untracked 
| 648|0x00000000a8800000, 0x00000000a8800000, 0x00000000a8900000|  0%| F|  |TAMS 0x00000000a8800000, 0x00000000a8800000| Untracked 
| 649|0x00000000a8900000, 0x00000000a8900000, 0x00000000a8a00000|  0%| F|  |TAMS 0x00000000a8900000, 0x00000000a8900000| Untracked 
| 650|0x00000000a8a00000, 0x00000000a8a00000, 0x00000000a8b00000|  0%| F|  |TAMS 0x00000000a8a00000, 0x00000000a8a00000| Untracked 
| 651|0x00000000a8b00000, 0x00000000a8b00000, 0x00000000a8c00000|  0%| F|  |TAMS 0x00000000a8b00000, 0x00000000a8b00000| Untracked 
| 652|0x00000000a8c00000, 0x00000000a8c00000, 0x00000000a8d00000|  0%| F|  |TAMS 0x00000000a8c00000, 0x00000000a8c00000| Untracked 
| 653|0x00000000a8d00000, 0x00000000a8d00000, 0x00000000a8e00000|  0%| F|  |TAMS 0x00000000a8d00000, 0x00000000a8d00000| Untracked 
| 654|0x00000000a8e00000, 0x00000000a8e00000, 0x00000000a8f00000|  0%| F|  |TAMS 0x00000000a8e00000, 0x00000000a8e00000| Untracked 
| 655|0x00000000a8f00000, 0x00000000a8f00000, 0x00000000a9000000|  0%| F|  |TAMS 0x00000000a8f00000, 0x00000000a8f00000| Untracked 
| 656|0x00000000a9000000, 0x00000000a9000000, 0x00000000a9100000|  0%| F|  |TAMS 0x00000000a9000000, 0x00000000a9000000| Untracked 
| 657|0x00000000a9100000, 0x00000000a9100000, 0x00000000a9200000|  0%| F|  |TAMS 0x00000000a9100000, 0x00000000a9100000| Untracked 
| 658|0x00000000a9200000, 0x00000000a9200000, 0x00000000a9300000|  0%| F|  |TAMS 0x00000000a9200000, 0x00000000a9200000| Untracked 
| 659|0x00000000a9300000, 0x00000000a9300000, 0x00000000a9400000|  0%| F|  |TAMS 0x00000000a9300000, 0x00000000a9300000| Untracked 
| 660|0x00000000a9400000, 0x00000000a9400000, 0x00000000a9500000|  0%| F|  |TAMS 0x00000000a9400000, 0x00000000a9400000| Untracked 
| 661|0x00000000a9500000, 0x00000000a9500000, 0x00000000a9600000|  0%| F|  |TAMS 0x00000000a9500000, 0x00000000a9500000| Untracked 
| 662|0x00000000a9600000, 0x00000000a9600000, 0x00000000a9700000|  0%| F|  |TAMS 0x00000000a9600000, 0x00000000a9600000| Untracked 
| 663|0x00000000a9700000, 0x00000000a9700000, 0x00000000a9800000|  0%| F|  |TAMS 0x00000000a9700000, 0x00000000a9700000| Untracked 
| 664|0x00000000a9800000, 0x00000000a9800000, 0x00000000a9900000|  0%| F|  |TAMS 0x00000000a9800000, 0x00000000a9800000| Untracked 
| 665|0x00000000a9900000, 0x00000000a9900000, 0x00000000a9a00000|  0%| F|  |TAMS 0x00000000a9900000, 0x00000000a9900000| Untracked 
| 666|0x00000000a9a00000, 0x00000000a9a00000, 0x00000000a9b00000|  0%| F|  |TAMS 0x00000000a9a00000, 0x00000000a9a00000| Untracked 
| 667|0x00000000a9b00000, 0x00000000a9b00000, 0x00000000a9c00000|  0%| F|  |TAMS 0x00000000a9b00000, 0x00000000a9b00000| Untracked 
| 668|0x00000000a9c00000, 0x00000000a9c00000, 0x00000000a9d00000|  0%| F|  |TAMS 0x00000000a9c00000, 0x00000000a9c00000| Untracked 
| 669|0x00000000a9d00000, 0x00000000a9d00000, 0x00000000a9e00000|  0%| F|  |TAMS 0x00000000a9d00000, 0x00000000a9d00000| Untracked 
| 670|0x00000000a9e00000, 0x00000000a9e00000, 0x00000000a9f00000|  0%| F|  |TAMS 0x00000000a9e00000, 0x00000000a9e00000| Untracked 
| 671|0x00000000a9f00000, 0x00000000a9f00000, 0x00000000aa000000|  0%| F|  |TAMS 0x00000000a9f00000, 0x00000000a9f00000| Untracked 
| 672|0x00000000aa000000, 0x00000000aa000000, 0x00000000aa100000|  0%| F|  |TAMS 0x00000000aa000000, 0x00000000aa000000| Untracked 
| 673|0x00000000aa100000, 0x00000000aa100000, 0x00000000aa200000|  0%| F|  |TAMS 0x00000000aa100000, 0x00000000aa100000| Untracked 
| 674|0x00000000aa200000, 0x00000000aa200000, 0x00000000aa300000|  0%| F|  |TAMS 0x00000000aa200000, 0x00000000aa200000| Untracked 
| 675|0x00000000aa300000, 0x00000000aa300000, 0x00000000aa400000|  0%| F|  |TAMS 0x00000000aa300000, 0x00000000aa300000| Untracked 
| 676|0x00000000aa400000, 0x00000000aa400000, 0x00000000aa500000|  0%| F|  |TAMS 0x00000000aa400000, 0x00000000aa400000| Untracked 
| 677|0x00000000aa500000, 0x00000000aa500000, 0x00000000aa600000|  0%| F|  |TAMS 0x00000000aa500000, 0x00000000aa500000| Untracked 
| 678|0x00000000aa600000, 0x00000000aa600000, 0x00000000aa700000|  0%| F|  |TAMS 0x00000000aa600000, 0x00000000aa600000| Untracked 
| 679|0x00000000aa700000, 0x00000000aa700000, 0x00000000aa800000|  0%| F|  |TAMS 0x00000000aa700000, 0x00000000aa700000| Untracked 
| 680|0x00000000aa800000, 0x00000000aa800000, 0x00000000aa900000|  0%| F|  |TAMS 0x00000000aa800000, 0x00000000aa800000| Untracked 
| 681|0x00000000aa900000, 0x00000000aa900000, 0x00000000aaa00000|  0%| F|  |TAMS 0x00000000aa900000, 0x00000000aa900000| Untracked 
| 682|0x00000000aaa00000, 0x00000000aaa00000, 0x00000000aab00000|  0%| F|  |TAMS 0x00000000aaa00000, 0x00000000aaa00000| Untracked 
| 683|0x00000000aab00000, 0x00000000aab00000, 0x00000000aac00000|  0%| F|  |TAMS 0x00000000aab00000, 0x00000000aab00000| Untracked 
| 684|0x00000000aac00000, 0x00000000aac00000, 0x00000000aad00000|  0%| F|  |TAMS 0x00000000aac00000, 0x00000000aac00000| Untracked 
| 685|0x00000000aad00000, 0x00000000aad00000, 0x00000000aae00000|  0%| F|  |TAMS 0x00000000aad00000, 0x00000000aad00000| Untracked 
| 686|0x00000000aae00000, 0x00000000aae00000, 0x00000000aaf00000|  0%| F|  |TAMS 0x00000000aae00000, 0x00000000aae00000| Untracked 
| 687|0x00000000aaf00000, 0x00000000aaf00000, 0x00000000ab000000|  0%| F|  |TAMS 0x00000000aaf00000, 0x00000000aaf00000| Untracked 
| 688|0x00000000ab000000, 0x00000000ab000000, 0x00000000ab100000|  0%| F|  |TAMS 0x00000000ab000000, 0x00000000ab000000| Untracked 
| 689|0x00000000ab100000, 0x00000000ab100000, 0x00000000ab200000|  0%| F|  |TAMS 0x00000000ab100000, 0x00000000ab100000| Untracked 
| 690|0x00000000ab200000, 0x00000000ab200000, 0x00000000ab300000|  0%| F|  |TAMS 0x00000000ab200000, 0x00000000ab200000| Untracked 
| 691|0x00000000ab300000, 0x00000000ab300000, 0x00000000ab400000|  0%| F|  |TAMS 0x00000000ab300000, 0x00000000ab300000| Untracked 
| 692|0x00000000ab400000, 0x00000000ab400000, 0x00000000ab500000|  0%| F|  |TAMS 0x00000000ab400000, 0x00000000ab400000| Untracked 
| 693|0x00000000ab500000, 0x00000000ab500000, 0x00000000ab600000|  0%| F|  |TAMS 0x00000000ab500000, 0x00000000ab500000| Untracked 
| 694|0x00000000ab600000, 0x00000000ab600000, 0x00000000ab700000|  0%| F|  |TAMS 0x00000000ab600000, 0x00000000ab600000| Untracked 
| 695|0x00000000ab700000, 0x00000000ab700000, 0x00000000ab800000|  0%| F|  |TAMS 0x00000000ab700000, 0x00000000ab700000| Untracked 
| 696|0x00000000ab800000, 0x00000000ab800000, 0x00000000ab900000|  0%| F|  |TAMS 0x00000000ab800000, 0x00000000ab800000| Untracked 
| 697|0x00000000ab900000, 0x00000000ab900000, 0x00000000aba00000|  0%| F|  |TAMS 0x00000000ab900000, 0x00000000ab900000| Untracked 
| 698|0x00000000aba00000, 0x00000000aba00000, 0x00000000abb00000|  0%| F|  |TAMS 0x00000000aba00000, 0x00000000aba00000| Untracked 
| 699|0x00000000abb00000, 0x00000000abb00000, 0x00000000abc00000|  0%| F|  |TAMS 0x00000000abb00000, 0x00000000abb00000| Untracked 
| 700|0x00000000abc00000, 0x00000000abc00000, 0x00000000abd00000|  0%| F|  |TAMS 0x00000000abc00000, 0x00000000abc00000| Untracked 
| 701|0x00000000abd00000, 0x00000000abd00000, 0x00000000abe00000|  0%| F|  |TAMS 0x00000000abd00000, 0x00000000abd00000| Untracked 
| 702|0x00000000abe00000, 0x00000000abe00000, 0x00000000abf00000|  0%| F|  |TAMS 0x00000000abe00000, 0x00000000abe00000| Untracked 
| 703|0x00000000abf00000, 0x00000000abf00000, 0x00000000ac000000|  0%| F|  |TAMS 0x00000000abf00000, 0x00000000abf00000| Untracked 
| 704|0x00000000ac000000, 0x00000000ac000000, 0x00000000ac100000|  0%| F|  |TAMS 0x00000000ac000000, 0x00000000ac000000| Untracked 
| 705|0x00000000ac100000, 0x00000000ac100000, 0x00000000ac200000|  0%| F|  |TAMS 0x00000000ac100000, 0x00000000ac100000| Untracked 
| 706|0x00000000ac200000, 0x00000000ac200000, 0x00000000ac300000|  0%| F|  |TAMS 0x00000000ac200000, 0x00000000ac200000| Untracked 
| 707|0x00000000ac300000, 0x00000000ac300000, 0x00000000ac400000|  0%| F|  |TAMS 0x00000000ac300000, 0x00000000ac300000| Untracked 
| 708|0x00000000ac400000, 0x00000000ac400000, 0x00000000ac500000|  0%| F|  |TAMS 0x00000000ac400000, 0x00000000ac400000| Untracked 
| 709|0x00000000ac500000, 0x00000000ac500000, 0x00000000ac600000|  0%| F|  |TAMS 0x00000000ac500000, 0x00000000ac500000| Untracked 
| 710|0x00000000ac600000, 0x00000000ac600000, 0x00000000ac700000|  0%| F|  |TAMS 0x00000000ac600000, 0x00000000ac600000| Untracked 
| 711|0x00000000ac700000, 0x00000000ac700000, 0x00000000ac800000|  0%| F|  |TAMS 0x00000000ac700000, 0x00000000ac700000| Untracked 
| 712|0x00000000ac800000, 0x00000000ac800000, 0x00000000ac900000|  0%| F|  |TAMS 0x00000000ac800000, 0x00000000ac800000| Untracked 
| 713|0x00000000ac900000, 0x00000000ac900000, 0x00000000aca00000|  0%| F|  |TAMS 0x00000000ac900000, 0x00000000ac900000| Untracked 
| 714|0x00000000aca00000, 0x00000000aca00000, 0x00000000acb00000|  0%| F|  |TAMS 0x00000000aca00000, 0x00000000aca00000| Untracked 
| 715|0x00000000acb00000, 0x00000000acb00000, 0x00000000acc00000|  0%| F|  |TAMS 0x00000000acb00000, 0x00000000acb00000| Untracked 
| 716|0x00000000acc00000, 0x00000000acc00000, 0x00000000acd00000|  0%| F|  |TAMS 0x00000000acc00000, 0x00000000acc00000| Untracked 
| 717|0x00000000acd00000, 0x00000000acd00000, 0x00000000ace00000|  0%| F|  |TAMS 0x00000000acd00000, 0x00000000acd00000| Untracked 
| 718|0x00000000ace00000, 0x00000000ace00000, 0x00000000acf00000|  0%| F|  |TAMS 0x00000000ace00000, 0x00000000ace00000| Untracked 
| 719|0x00000000acf00000, 0x00000000acf00000, 0x00000000ad000000|  0%| F|  |TAMS 0x00000000acf00000, 0x00000000acf00000| Untracked 
| 720|0x00000000ad000000, 0x00000000ad000000, 0x00000000ad100000|  0%| F|  |TAMS 0x00000000ad000000, 0x00000000ad000000| Untracked 
| 721|0x00000000ad100000, 0x00000000ad100000, 0x00000000ad200000|  0%| F|  |TAMS 0x00000000ad100000, 0x00000000ad100000| Untracked 
| 722|0x00000000ad200000, 0x00000000ad200000, 0x00000000ad300000|  0%| F|  |TAMS 0x00000000ad200000, 0x00000000ad200000| Untracked 
| 723|0x00000000ad300000, 0x00000000ad300000, 0x00000000ad400000|  0%| F|  |TAMS 0x00000000ad300000, 0x00000000ad300000| Untracked 
| 724|0x00000000ad400000, 0x00000000ad400000, 0x00000000ad500000|  0%| F|  |TAMS 0x00000000ad400000, 0x00000000ad400000| Untracked 
| 725|0x00000000ad500000, 0x00000000ad500000, 0x00000000ad600000|  0%| F|  |TAMS 0x00000000ad500000, 0x00000000ad500000| Untracked 
| 726|0x00000000ad600000, 0x00000000ad600000, 0x00000000ad700000|  0%| F|  |TAMS 0x00000000ad600000, 0x00000000ad600000| Untracked 
| 727|0x00000000ad700000, 0x00000000ad700000, 0x00000000ad800000|  0%| F|  |TAMS 0x00000000ad700000, 0x00000000ad700000| Untracked 
| 728|0x00000000ad800000, 0x00000000ad800000, 0x00000000ad900000|  0%| F|  |TAMS 0x00000000ad800000, 0x00000000ad800000| Untracked 
| 729|0x00000000ad900000, 0x00000000ad900000, 0x00000000ada00000|  0%| F|  |TAMS 0x00000000ad900000, 0x00000000ad900000| Untracked 
| 730|0x00000000ada00000, 0x00000000ada00000, 0x00000000adb00000|  0%| F|  |TAMS 0x00000000ada00000, 0x00000000ada00000| Untracked 
| 731|0x00000000adb00000, 0x00000000adb00000, 0x00000000adc00000|  0%| F|  |TAMS 0x00000000adb00000, 0x00000000adb00000| Untracked 
| 732|0x00000000adc00000, 0x00000000adc00000, 0x00000000add00000|  0%| F|  |TAMS 0x00000000adc00000, 0x00000000adc00000| Untracked 
| 733|0x00000000add00000, 0x00000000add00000, 0x00000000ade00000|  0%| F|  |TAMS 0x00000000add00000, 0x00000000add00000| Untracked 
| 734|0x00000000ade00000, 0x00000000ade00000, 0x00000000adf00000|  0%| F|  |TAMS 0x00000000ade00000, 0x00000000ade00000| Untracked 
| 735|0x00000000adf00000, 0x00000000adf00000, 0x00000000ae000000|  0%| F|  |TAMS 0x00000000adf00000, 0x00000000adf00000| Untracked 
| 736|0x00000000ae000000, 0x00000000ae000000, 0x00000000ae100000|  0%| F|  |TAMS 0x00000000ae000000, 0x00000000ae000000| Untracked 
| 737|0x00000000ae100000, 0x00000000ae100000, 0x00000000ae200000|  0%| F|  |TAMS 0x00000000ae100000, 0x00000000ae100000| Untracked 
| 738|0x00000000ae200000, 0x00000000ae200000, 0x00000000ae300000|  0%| F|  |TAMS 0x00000000ae200000, 0x00000000ae200000| Untracked 
| 739|0x00000000ae300000, 0x00000000ae300000, 0x00000000ae400000|  0%| F|  |TAMS 0x00000000ae300000, 0x00000000ae300000| Untracked 
| 740|0x00000000ae400000, 0x00000000ae400000, 0x00000000ae500000|  0%| F|  |TAMS 0x00000000ae400000, 0x00000000ae400000| Untracked 
| 741|0x00000000ae500000, 0x00000000ae500000, 0x00000000ae600000|  0%| F|  |TAMS 0x00000000ae500000, 0x00000000ae500000| Untracked 
| 742|0x00000000ae600000, 0x00000000ae600000, 0x00000000ae700000|  0%| F|  |TAMS 0x00000000ae600000, 0x00000000ae600000| Untracked 
| 743|0x00000000ae700000, 0x00000000ae700000, 0x00000000ae800000|  0%| F|  |TAMS 0x00000000ae700000, 0x00000000ae700000| Untracked 
| 744|0x00000000ae800000, 0x00000000ae800000, 0x00000000ae900000|  0%| F|  |TAMS 0x00000000ae800000, 0x00000000ae800000| Untracked 
| 745|0x00000000ae900000, 0x00000000ae900000, 0x00000000aea00000|  0%| F|  |TAMS 0x00000000ae900000, 0x00000000ae900000| Untracked 
| 746|0x00000000aea00000, 0x00000000aea00000, 0x00000000aeb00000|  0%| F|  |TAMS 0x00000000aea00000, 0x00000000aea00000| Untracked 
| 747|0x00000000aeb00000, 0x00000000aeb00000, 0x00000000aec00000|  0%| F|  |TAMS 0x00000000aeb00000, 0x00000000aeb00000| Untracked 
| 748|0x00000000aec00000, 0x00000000aec00000, 0x00000000aed00000|  0%| F|  |TAMS 0x00000000aec00000, 0x00000000aec00000| Untracked 
| 749|0x00000000aed00000, 0x00000000aed00000, 0x00000000aee00000|  0%| F|  |TAMS 0x00000000aed00000, 0x00000000aed00000| Untracked 
| 750|0x00000000aee00000, 0x00000000aee00000, 0x00000000aef00000|  0%| F|  |TAMS 0x00000000aee00000, 0x00000000aee00000| Untracked 
| 751|0x00000000aef00000, 0x00000000aef00000, 0x00000000af000000|  0%| F|  |TAMS 0x00000000aef00000, 0x00000000aef00000| Untracked 
| 752|0x00000000af000000, 0x00000000af000000, 0x00000000af100000|  0%| F|  |TAMS 0x00000000af000000, 0x00000000af000000| Untracked 
| 753|0x00000000af100000, 0x00000000af100000, 0x00000000af200000|  0%| F|  |TAMS 0x00000000af100000, 0x00000000af100000| Untracked 
| 754|0x00000000af200000, 0x00000000af200000, 0x00000000af300000|  0%| F|  |TAMS 0x00000000af200000, 0x00000000af200000| Untracked 
| 755|0x00000000af300000, 0x00000000af300000, 0x00000000af400000|  0%| F|  |TAMS 0x00000000af300000, 0x00000000af300000| Untracked 
| 756|0x00000000af400000, 0x00000000af400000, 0x00000000af500000|  0%| F|  |TAMS 0x00000000af400000, 0x00000000af400000| Untracked 
| 757|0x00000000af500000, 0x00000000af500000, 0x00000000af600000|  0%| F|  |TAMS 0x00000000af500000, 0x00000000af500000| Untracked 
| 758|0x00000000af600000, 0x00000000af600000, 0x00000000af700000|  0%| F|  |TAMS 0x00000000af600000, 0x00000000af600000| Untracked 
| 759|0x00000000af700000, 0x00000000af700000, 0x00000000af800000|  0%| F|  |TAMS 0x00000000af700000, 0x00000000af700000| Untracked 
| 760|0x00000000af800000, 0x00000000af800000, 0x00000000af900000|  0%| F|  |TAMS 0x00000000af800000, 0x00000000af800000| Untracked 
| 761|0x00000000af900000, 0x00000000af900000, 0x00000000afa00000|  0%| F|  |TAMS 0x00000000af900000, 0x00000000af900000| Untracked 
| 762|0x00000000afa00000, 0x00000000afa00000, 0x00000000afb00000|  0%| F|  |TAMS 0x00000000afa00000, 0x00000000afa00000| Untracked 
| 763|0x00000000afb00000, 0x00000000afb00000, 0x00000000afc00000|  0%| F|  |TAMS 0x00000000afb00000, 0x00000000afb00000| Untracked 
| 764|0x00000000afc00000, 0x00000000afc00000, 0x00000000afd00000|  0%| F|  |TAMS 0x00000000afc00000, 0x00000000afc00000| Untracked 
| 765|0x00000000afd00000, 0x00000000afd00000, 0x00000000afe00000|  0%| F|  |TAMS 0x00000000afd00000, 0x00000000afd00000| Untracked 
| 766|0x00000000afe00000, 0x00000000afe00000, 0x00000000aff00000|  0%| F|  |TAMS 0x00000000afe00000, 0x00000000afe00000| Untracked 
| 767|0x00000000aff00000, 0x00000000aff00000, 0x00000000b0000000|  0%| F|  |TAMS 0x00000000aff00000, 0x00000000aff00000| Untracked 
| 768|0x00000000b0000000, 0x00000000b0000000, 0x00000000b0100000|  0%| F|  |TAMS 0x00000000b0000000, 0x00000000b0000000| Untracked 
| 769|0x00000000b0100000, 0x00000000b0100000, 0x00000000b0200000|  0%| F|  |TAMS 0x00000000b0100000, 0x00000000b0100000| Untracked 
| 770|0x00000000b0200000, 0x00000000b0200000, 0x00000000b0300000|  0%| F|  |TAMS 0x00000000b0200000, 0x00000000b0200000| Untracked 
| 771|0x00000000b0300000, 0x00000000b0300000, 0x00000000b0400000|  0%| F|  |TAMS 0x00000000b0300000, 0x00000000b0300000| Untracked 
| 772|0x00000000b0400000, 0x00000000b0400000, 0x00000000b0500000|  0%| F|  |TAMS 0x00000000b0400000, 0x00000000b0400000| Untracked 
| 773|0x00000000b0500000, 0x00000000b0500000, 0x00000000b0600000|  0%| F|  |TAMS 0x00000000b0500000, 0x00000000b0500000| Untracked 
| 774|0x00000000b0600000, 0x00000000b0600000, 0x00000000b0700000|  0%| F|  |TAMS 0x00000000b0600000, 0x00000000b0600000| Untracked 
| 775|0x00000000b0700000, 0x00000000b0700000, 0x00000000b0800000|  0%| F|  |TAMS 0x00000000b0700000, 0x00000000b0700000| Untracked 
| 776|0x00000000b0800000, 0x00000000b0800000, 0x00000000b0900000|  0%| F|  |TAMS 0x00000000b0800000, 0x00000000b0800000| Untracked 
| 777|0x00000000b0900000, 0x00000000b0900000, 0x00000000b0a00000|  0%| F|  |TAMS 0x00000000b0900000, 0x00000000b0900000| Untracked 
| 778|0x00000000b0a00000, 0x00000000b0a00000, 0x00000000b0b00000|  0%| F|  |TAMS 0x00000000b0a00000, 0x00000000b0a00000| Untracked 
| 779|0x00000000b0b00000, 0x00000000b0b00000, 0x00000000b0c00000|  0%| F|  |TAMS 0x00000000b0b00000, 0x00000000b0b00000| Untracked 
| 780|0x00000000b0c00000, 0x00000000b0c00000, 0x00000000b0d00000|  0%| F|  |TAMS 0x00000000b0c00000, 0x00000000b0c00000| Untracked 
| 781|0x00000000b0d00000, 0x00000000b0d00000, 0x00000000b0e00000|  0%| F|  |TAMS 0x00000000b0d00000, 0x00000000b0d00000| Untracked 
| 782|0x00000000b0e00000, 0x00000000b0e00000, 0x00000000b0f00000|  0%| F|  |TAMS 0x00000000b0e00000, 0x00000000b0e00000| Untracked 
| 783|0x00000000b0f00000, 0x00000000b0f00000, 0x00000000b1000000|  0%| F|  |TAMS 0x00000000b0f00000, 0x00000000b0f00000| Untracked 
| 784|0x00000000b1000000, 0x00000000b1000000, 0x00000000b1100000|  0%| F|  |TAMS 0x00000000b1000000, 0x00000000b1000000| Untracked 
| 785|0x00000000b1100000, 0x00000000b1100000, 0x00000000b1200000|  0%| F|  |TAMS 0x00000000b1100000, 0x00000000b1100000| Untracked 
| 786|0x00000000b1200000, 0x00000000b1200000, 0x00000000b1300000|  0%| F|  |TAMS 0x00000000b1200000, 0x00000000b1200000| Untracked 
| 787|0x00000000b1300000, 0x00000000b1300000, 0x00000000b1400000|  0%| F|  |TAMS 0x00000000b1300000, 0x00000000b1300000| Untracked 
| 788|0x00000000b1400000, 0x00000000b1400000, 0x00000000b1500000|  0%| F|  |TAMS 0x00000000b1400000, 0x00000000b1400000| Untracked 
| 789|0x00000000b1500000, 0x00000000b1500000, 0x00000000b1600000|  0%| F|  |TAMS 0x00000000b1500000, 0x00000000b1500000| Untracked 
| 790|0x00000000b1600000, 0x00000000b1600000, 0x00000000b1700000|  0%| F|  |TAMS 0x00000000b1600000, 0x00000000b1600000| Untracked 
| 791|0x00000000b1700000, 0x00000000b1700000, 0x00000000b1800000|  0%| F|  |TAMS 0x00000000b1700000, 0x00000000b1700000| Untracked 
| 792|0x00000000b1800000, 0x00000000b1800000, 0x00000000b1900000|  0%| F|  |TAMS 0x00000000b1800000, 0x00000000b1800000| Untracked 
| 793|0x00000000b1900000, 0x00000000b1900000, 0x00000000b1a00000|  0%| F|  |TAMS 0x00000000b1900000, 0x00000000b1900000| Untracked 
| 794|0x00000000b1a00000, 0x00000000b1a00000, 0x00000000b1b00000|  0%| F|  |TAMS 0x00000000b1a00000, 0x00000000b1a00000| Untracked 
| 795|0x00000000b1b00000, 0x00000000b1b00000, 0x00000000b1c00000|  0%| F|  |TAMS 0x00000000b1b00000, 0x00000000b1b00000| Untracked 
| 796|0x00000000b1c00000, 0x00000000b1c00000, 0x00000000b1d00000|  0%| F|  |TAMS 0x00000000b1c00000, 0x00000000b1c00000| Untracked 
| 797|0x00000000b1d00000, 0x00000000b1d00000, 0x00000000b1e00000|  0%| F|  |TAMS 0x00000000b1d00000, 0x00000000b1d00000| Untracked 
| 798|0x00000000b1e00000, 0x00000000b1e00000, 0x00000000b1f00000|  0%| F|  |TAMS 0x00000000b1e00000, 0x00000000b1e00000| Untracked 
| 799|0x00000000b1f00000, 0x00000000b1f00000, 0x00000000b2000000|  0%| F|  |TAMS 0x00000000b1f00000, 0x00000000b1f00000| Untracked 
| 800|0x00000000b2000000, 0x00000000b2000000, 0x00000000b2100000|  0%| F|  |TAMS 0x00000000b2000000, 0x00000000b2000000| Untracked 
| 801|0x00000000b2100000, 0x00000000b2100000, 0x00000000b2200000|  0%| F|  |TAMS 0x00000000b2100000, 0x00000000b2100000| Untracked 
| 802|0x00000000b2200000, 0x00000000b2200000, 0x00000000b2300000|  0%| F|  |TAMS 0x00000000b2200000, 0x00000000b2200000| Untracked 
| 803|0x00000000b2300000, 0x00000000b2300000, 0x00000000b2400000|  0%| F|  |TAMS 0x00000000b2300000, 0x00000000b2300000| Untracked 
| 804|0x00000000b2400000, 0x00000000b2400000, 0x00000000b2500000|  0%| F|  |TAMS 0x00000000b2400000, 0x00000000b2400000| Untracked 
| 805|0x00000000b2500000, 0x00000000b2500000, 0x00000000b2600000|  0%| F|  |TAMS 0x00000000b2500000, 0x00000000b2500000| Untracked 
| 806|0x00000000b2600000, 0x00000000b2600000, 0x00000000b2700000|  0%| F|  |TAMS 0x00000000b2600000, 0x00000000b2600000| Untracked 
| 807|0x00000000b2700000, 0x00000000b2700000, 0x00000000b2800000|  0%| F|  |TAMS 0x00000000b2700000, 0x00000000b2700000| Untracked 
| 808|0x00000000b2800000, 0x00000000b2800000, 0x00000000b2900000|  0%| F|  |TAMS 0x00000000b2800000, 0x00000000b2800000| Untracked 
| 809|0x00000000b2900000, 0x00000000b2900000, 0x00000000b2a00000|  0%| F|  |TAMS 0x00000000b2900000, 0x00000000b2900000| Untracked 
| 810|0x00000000b2a00000, 0x00000000b2a00000, 0x00000000b2b00000|  0%| F|  |TAMS 0x00000000b2a00000, 0x00000000b2a00000| Untracked 
| 811|0x00000000b2b00000, 0x00000000b2b00000, 0x00000000b2c00000|  0%| F|  |TAMS 0x00000000b2b00000, 0x00000000b2b00000| Untracked 
| 812|0x00000000b2c00000, 0x00000000b2c00000, 0x00000000b2d00000|  0%| F|  |TAMS 0x00000000b2c00000, 0x00000000b2c00000| Untracked 
| 813|0x00000000b2d00000, 0x00000000b2d00000, 0x00000000b2e00000|  0%| F|  |TAMS 0x00000000b2d00000, 0x00000000b2d00000| Untracked 
| 814|0x00000000b2e00000, 0x00000000b2e00000, 0x00000000b2f00000|  0%| F|  |TAMS 0x00000000b2e00000, 0x00000000b2e00000| Untracked 
| 815|0x00000000b2f00000, 0x00000000b2f00000, 0x00000000b3000000|  0%| F|  |TAMS 0x00000000b2f00000, 0x00000000b2f00000| Untracked 
| 816|0x00000000b3000000, 0x00000000b3000000, 0x00000000b3100000|  0%| F|  |TAMS 0x00000000b3000000, 0x00000000b3000000| Untracked 
| 817|0x00000000b3100000, 0x00000000b3100000, 0x00000000b3200000|  0%| F|  |TAMS 0x00000000b3100000, 0x00000000b3100000| Untracked 
| 818|0x00000000b3200000, 0x00000000b3200000, 0x00000000b3300000|  0%| F|  |TAMS 0x00000000b3200000, 0x00000000b3200000| Untracked 
| 819|0x00000000b3300000, 0x00000000b3300000, 0x00000000b3400000|  0%| F|  |TAMS 0x00000000b3300000, 0x00000000b3300000| Untracked 
| 820|0x00000000b3400000, 0x00000000b3400000, 0x00000000b3500000|  0%| F|  |TAMS 0x00000000b3400000, 0x00000000b3400000| Untracked 
| 821|0x00000000b3500000, 0x00000000b3500000, 0x00000000b3600000|  0%| F|  |TAMS 0x00000000b3500000, 0x00000000b3500000| Untracked 
| 822|0x00000000b3600000, 0x00000000b3600000, 0x00000000b3700000|  0%| F|  |TAMS 0x00000000b3600000, 0x00000000b3600000| Untracked 
| 823|0x00000000b3700000, 0x00000000b3700000, 0x00000000b3800000|  0%| F|  |TAMS 0x00000000b3700000, 0x00000000b3700000| Untracked 
| 824|0x00000000b3800000, 0x00000000b3800000, 0x00000000b3900000|  0%| F|  |TAMS 0x00000000b3800000, 0x00000000b3800000| Untracked 
| 825|0x00000000b3900000, 0x00000000b3900000, 0x00000000b3a00000|  0%| F|  |TAMS 0x00000000b3900000, 0x00000000b3900000| Untracked 
| 826|0x00000000b3a00000, 0x00000000b3a00000, 0x00000000b3b00000|  0%| F|  |TAMS 0x00000000b3a00000, 0x00000000b3a00000| Untracked 
| 827|0x00000000b3b00000, 0x00000000b3b00000, 0x00000000b3c00000|  0%| F|  |TAMS 0x00000000b3b00000, 0x00000000b3b00000| Untracked 
| 828|0x00000000b3c00000, 0x00000000b3c00000, 0x00000000b3d00000|  0%| F|  |TAMS 0x00000000b3c00000, 0x00000000b3c00000| Untracked 
| 829|0x00000000b3d00000, 0x00000000b3d00000, 0x00000000b3e00000|  0%| F|  |TAMS 0x00000000b3d00000, 0x00000000b3d00000| Untracked 
| 830|0x00000000b3e00000, 0x00000000b3e00000, 0x00000000b3f00000|  0%| F|  |TAMS 0x00000000b3e00000, 0x00000000b3e00000| Untracked 
| 831|0x00000000b3f00000, 0x00000000b3f00000, 0x00000000b4000000|  0%| F|  |TAMS 0x00000000b3f00000, 0x00000000b3f00000| Untracked 
| 832|0x00000000b4000000, 0x00000000b4000000, 0x00000000b4100000|  0%| F|  |TAMS 0x00000000b4000000, 0x00000000b4000000| Untracked 
| 833|0x00000000b4100000, 0x00000000b4100000, 0x00000000b4200000|  0%| F|  |TAMS 0x00000000b4100000, 0x00000000b4100000| Untracked 
| 834|0x00000000b4200000, 0x00000000b4200000, 0x00000000b4300000|  0%| F|  |TAMS 0x00000000b4200000, 0x00000000b4200000| Untracked 
| 835|0x00000000b4300000, 0x00000000b4300000, 0x00000000b4400000|  0%| F|  |TAMS 0x00000000b4300000, 0x00000000b4300000| Untracked 
| 836|0x00000000b4400000, 0x00000000b4400000, 0x00000000b4500000|  0%| F|  |TAMS 0x00000000b4400000, 0x00000000b4400000| Untracked 
| 837|0x00000000b4500000, 0x00000000b4500000, 0x00000000b4600000|  0%| F|  |TAMS 0x00000000b4500000, 0x00000000b4500000| Untracked 
| 838|0x00000000b4600000, 0x00000000b4600000, 0x00000000b4700000|  0%| F|  |TAMS 0x00000000b4600000, 0x00000000b4600000| Untracked 
| 839|0x00000000b4700000, 0x00000000b4700000, 0x00000000b4800000|  0%| F|  |TAMS 0x00000000b4700000, 0x00000000b4700000| Untracked 
| 840|0x00000000b4800000, 0x00000000b4800000, 0x00000000b4900000|  0%| F|  |TAMS 0x00000000b4800000, 0x00000000b4800000| Untracked 
| 841|0x00000000b4900000, 0x00000000b4900000, 0x00000000b4a00000|  0%| F|  |TAMS 0x00000000b4900000, 0x00000000b4900000| Untracked 
| 842|0x00000000b4a00000, 0x00000000b4a00000, 0x00000000b4b00000|  0%| F|  |TAMS 0x00000000b4a00000, 0x00000000b4a00000| Untracked 
| 843|0x00000000b4b00000, 0x00000000b4b00000, 0x00000000b4c00000|  0%| F|  |TAMS 0x00000000b4b00000, 0x00000000b4b00000| Untracked 
| 844|0x00000000b4c00000, 0x00000000b4c00000, 0x00000000b4d00000|  0%| F|  |TAMS 0x00000000b4c00000, 0x00000000b4c00000| Untracked 
| 845|0x00000000b4d00000, 0x00000000b4d00000, 0x00000000b4e00000|  0%| F|  |TAMS 0x00000000b4d00000, 0x00000000b4d00000| Untracked 
| 846|0x00000000b4e00000, 0x00000000b4e00000, 0x00000000b4f00000|  0%| F|  |TAMS 0x00000000b4e00000, 0x00000000b4e00000| Untracked 
| 847|0x00000000b4f00000, 0x00000000b4f00000, 0x00000000b5000000|  0%| F|  |TAMS 0x00000000b4f00000, 0x00000000b4f00000| Untracked 
| 848|0x00000000b5000000, 0x00000000b5000000, 0x00000000b5100000|  0%| F|  |TAMS 0x00000000b5000000, 0x00000000b5000000| Untracked 
| 849|0x00000000b5100000, 0x00000000b5100000, 0x00000000b5200000|  0%| F|  |TAMS 0x00000000b5100000, 0x00000000b5100000| Untracked 
| 850|0x00000000b5200000, 0x00000000b5200000, 0x00000000b5300000|  0%| F|  |TAMS 0x00000000b5200000, 0x00000000b5200000| Untracked 
| 851|0x00000000b5300000, 0x00000000b5300000, 0x00000000b5400000|  0%| F|  |TAMS 0x00000000b5300000, 0x00000000b5300000| Untracked 
| 852|0x00000000b5400000, 0x00000000b5400000, 0x00000000b5500000|  0%| F|  |TAMS 0x00000000b5400000, 0x00000000b5400000| Untracked 
| 853|0x00000000b5500000, 0x00000000b5500000, 0x00000000b5600000|  0%| F|  |TAMS 0x00000000b5500000, 0x00000000b5500000| Untracked 
| 854|0x00000000b5600000, 0x00000000b5600000, 0x00000000b5700000|  0%| F|  |TAMS 0x00000000b5600000, 0x00000000b5600000| Untracked 
| 855|0x00000000b5700000, 0x00000000b5700000, 0x00000000b5800000|  0%| F|  |TAMS 0x00000000b5700000, 0x00000000b5700000| Untracked 
| 856|0x00000000b5800000, 0x00000000b5800000, 0x00000000b5900000|  0%| F|  |TAMS 0x00000000b5800000, 0x00000000b5800000| Untracked 
| 857|0x00000000b5900000, 0x00000000b5900000, 0x00000000b5a00000|  0%| F|  |TAMS 0x00000000b5900000, 0x00000000b5900000| Untracked 
| 858|0x00000000b5a00000, 0x00000000b5a00000, 0x00000000b5b00000|  0%| F|  |TAMS 0x00000000b5a00000, 0x00000000b5a00000| Untracked 
| 859|0x00000000b5b00000, 0x00000000b5b00000, 0x00000000b5c00000|  0%| F|  |TAMS 0x00000000b5b00000, 0x00000000b5b00000| Untracked 
| 860|0x00000000b5c00000, 0x00000000b5c00000, 0x00000000b5d00000|  0%| F|  |TAMS 0x00000000b5c00000, 0x00000000b5c00000| Untracked 
| 861|0x00000000b5d00000, 0x00000000b5d00000, 0x00000000b5e00000|  0%| F|  |TAMS 0x00000000b5d00000, 0x00000000b5d00000| Untracked 
| 862|0x00000000b5e00000, 0x00000000b5e00000, 0x00000000b5f00000|  0%| F|  |TAMS 0x00000000b5e00000, 0x00000000b5e00000| Untracked 
| 863|0x00000000b5f00000, 0x00000000b5f00000, 0x00000000b6000000|  0%| F|  |TAMS 0x00000000b5f00000, 0x00000000b5f00000| Untracked 
| 864|0x00000000b6000000, 0x00000000b6000000, 0x00000000b6100000|  0%| F|  |TAMS 0x00000000b6000000, 0x00000000b6000000| Untracked 
| 865|0x00000000b6100000, 0x00000000b6100000, 0x00000000b6200000|  0%| F|  |TAMS 0x00000000b6100000, 0x00000000b6100000| Untracked 
| 866|0x00000000b6200000, 0x00000000b6200000, 0x00000000b6300000|  0%| F|  |TAMS 0x00000000b6200000, 0x00000000b6200000| Untracked 
| 867|0x00000000b6300000, 0x00000000b6300000, 0x00000000b6400000|  0%| F|  |TAMS 0x00000000b6300000, 0x00000000b6300000| Untracked 
| 868|0x00000000b6400000, 0x00000000b6400000, 0x00000000b6500000|  0%| F|  |TAMS 0x00000000b6400000, 0x00000000b6400000| Untracked 
| 869|0x00000000b6500000, 0x00000000b6500000, 0x00000000b6600000|  0%| F|  |TAMS 0x00000000b6500000, 0x00000000b6500000| Untracked 
| 870|0x00000000b6600000, 0x00000000b6600000, 0x00000000b6700000|  0%| F|  |TAMS 0x00000000b6600000, 0x00000000b6600000| Untracked 
| 871|0x00000000b6700000, 0x00000000b6700000, 0x00000000b6800000|  0%| F|  |TAMS 0x00000000b6700000, 0x00000000b6700000| Untracked 
| 872|0x00000000b6800000, 0x00000000b6800000, 0x00000000b6900000|  0%| F|  |TAMS 0x00000000b6800000, 0x00000000b6800000| Untracked 
| 873|0x00000000b6900000, 0x00000000b6900000, 0x00000000b6a00000|  0%| F|  |TAMS 0x00000000b6900000, 0x00000000b6900000| Untracked 
| 874|0x00000000b6a00000, 0x00000000b6a00000, 0x00000000b6b00000|  0%| F|  |TAMS 0x00000000b6a00000, 0x00000000b6a00000| Untracked 
| 875|0x00000000b6b00000, 0x00000000b6b00000, 0x00000000b6c00000|  0%| F|  |TAMS 0x00000000b6b00000, 0x00000000b6b00000| Untracked 
| 876|0x00000000b6c00000, 0x00000000b6c00000, 0x00000000b6d00000|  0%| F|  |TAMS 0x00000000b6c00000, 0x00000000b6c00000| Untracked 
| 877|0x00000000b6d00000, 0x00000000b6d80000, 0x00000000b6e00000| 50%| E|  |TAMS 0x00000000b6d00000, 0x00000000b6d00000| Complete 
| 878|0x00000000b6e00000, 0x00000000b6f00000, 0x00000000b6f00000|100%| E|CS|TAMS 0x00000000b6e00000, 0x00000000b6e00000| Complete 
| 879|0x00000000b6f00000, 0x00000000b7000000, 0x00000000b7000000|100%| E|CS|TAMS 0x00000000b6f00000, 0x00000000b6f00000| Complete 
| 880|0x00000000b7000000, 0x00000000b7100000, 0x00000000b7100000|100%| E|CS|TAMS 0x00000000b7000000, 0x00000000b7000000| Complete 
| 881|0x00000000b7100000, 0x00000000b7200000, 0x00000000b7200000|100%| E|CS|TAMS 0x00000000b7100000, 0x00000000b7100000| Complete 
| 882|0x00000000b7200000, 0x00000000b7300000, 0x00000000b7300000|100%| E|CS|TAMS 0x00000000b7200000, 0x00000000b7200000| Complete 
| 883|0x00000000b7300000, 0x00000000b7400000, 0x00000000b7400000|100%| E|CS|TAMS 0x00000000b7300000, 0x00000000b7300000| Complete 
| 884|0x00000000b7400000, 0x00000000b7500000, 0x00000000b7500000|100%| E|CS|TAMS 0x00000000b7400000, 0x00000000b7400000| Complete 
| 885|0x00000000b7500000, 0x00000000b7600000, 0x00000000b7600000|100%| E|CS|TAMS 0x00000000b7500000, 0x00000000b7500000| Complete 
| 886|0x00000000b7600000, 0x00000000b7700000, 0x00000000b7700000|100%| E|CS|TAMS 0x00000000b7600000, 0x00000000b7600000| Complete 
| 887|0x00000000b7700000, 0x00000000b7800000, 0x00000000b7800000|100%| E|CS|TAMS 0x00000000b7700000, 0x00000000b7700000| Complete 
| 888|0x00000000b7800000, 0x00000000b7900000, 0x00000000b7900000|100%| E|CS|TAMS 0x00000000b7800000, 0x00000000b7800000| Complete 
| 889|0x00000000b7900000, 0x00000000b7a00000, 0x00000000b7a00000|100%| E|CS|TAMS 0x00000000b7900000, 0x00000000b7900000| Complete 
| 890|0x00000000b7a00000, 0x00000000b7b00000, 0x00000000b7b00000|100%| E|CS|TAMS 0x00000000b7a00000, 0x00000000b7a00000| Complete 
| 891|0x00000000b7b00000, 0x00000000b7c00000, 0x00000000b7c00000|100%| E|CS|TAMS 0x00000000b7b00000, 0x00000000b7b00000| Complete 
| 892|0x00000000b7c00000, 0x00000000b7d00000, 0x00000000b7d00000|100%| E|CS|TAMS 0x00000000b7c00000, 0x00000000b7c00000| Complete 
| 893|0x00000000b7d00000, 0x00000000b7e00000, 0x00000000b7e00000|100%| E|CS|TAMS 0x00000000b7d00000, 0x00000000b7d00000| Complete 
| 894|0x00000000b7e00000, 0x00000000b7f00000, 0x00000000b7f00000|100%| E|CS|TAMS 0x00000000b7e00000, 0x00000000b7e00000| Complete 
| 895|0x00000000b7f00000, 0x00000000b8000000, 0x00000000b8000000|100%| E|CS|TAMS 0x00000000b7f00000, 0x00000000b7f00000| Complete 
| 896|0x00000000b8000000, 0x00000000b8100000, 0x00000000b8100000|100%| E|CS|TAMS 0x00000000b8000000, 0x00000000b8000000| Complete 
| 897|0x00000000b8100000, 0x00000000b8200000, 0x00000000b8200000|100%| E|CS|TAMS 0x00000000b8100000, 0x00000000b8100000| Complete 
| 898|0x00000000b8200000, 0x00000000b8300000, 0x00000000b8300000|100%| E|CS|TAMS 0x00000000b8200000, 0x00000000b8200000| Complete 
| 899|0x00000000b8300000, 0x00000000b8400000, 0x00000000b8400000|100%| E|CS|TAMS 0x00000000b8300000, 0x00000000b8300000| Complete 
| 900|0x00000000b8400000, 0x00000000b8500000, 0x00000000b8500000|100%| E|CS|TAMS 0x00000000b8400000, 0x00000000b8400000| Complete 
| 901|0x00000000b8500000, 0x00000000b8600000, 0x00000000b8600000|100%| E|CS|TAMS 0x00000000b8500000, 0x00000000b8500000| Complete 
| 902|0x00000000b8600000, 0x00000000b8700000, 0x00000000b8700000|100%| E|CS|TAMS 0x00000000b8600000, 0x00000000b8600000| Complete 
| 903|0x00000000b8700000, 0x00000000b8800000, 0x00000000b8800000|100%| E|CS|TAMS 0x00000000b8700000, 0x00000000b8700000| Complete 
| 904|0x00000000b8800000, 0x00000000b8900000, 0x00000000b8900000|100%| E|CS|TAMS 0x00000000b8800000, 0x00000000b8800000| Complete 
| 905|0x00000000b8900000, 0x00000000b8a00000, 0x00000000b8a00000|100%| E|CS|TAMS 0x00000000b8900000, 0x00000000b8900000| Complete 
| 906|0x00000000b8a00000, 0x00000000b8b00000, 0x00000000b8b00000|100%| E|CS|TAMS 0x00000000b8a00000, 0x00000000b8a00000| Complete 
| 907|0x00000000b8b00000, 0x00000000b8c00000, 0x00000000b8c00000|100%| E|CS|TAMS 0x00000000b8b00000, 0x00000000b8b00000| Complete 
| 908|0x00000000b8c00000, 0x00000000b8d00000, 0x00000000b8d00000|100%| E|CS|TAMS 0x00000000b8c00000, 0x00000000b8c00000| Complete 
| 909|0x00000000b8d00000, 0x00000000b8e00000, 0x00000000b8e00000|100%| E|CS|TAMS 0x00000000b8d00000, 0x00000000b8d00000| Complete 
| 910|0x00000000b8e00000, 0x00000000b8f00000, 0x00000000b8f00000|100%| E|CS|TAMS 0x00000000b8e00000, 0x00000000b8e00000| Complete 
| 911|0x00000000b8f00000, 0x00000000b9000000, 0x00000000b9000000|100%| E|CS|TAMS 0x00000000b8f00000, 0x00000000b8f00000| Complete 
| 912|0x00000000b9000000, 0x00000000b9100000, 0x00000000b9100000|100%| E|CS|TAMS 0x00000000b9000000, 0x00000000b9000000| Complete 
| 913|0x00000000b9100000, 0x00000000b9200000, 0x00000000b9200000|100%| E|CS|TAMS 0x00000000b9100000, 0x00000000b9100000| Complete 
| 914|0x00000000b9200000, 0x00000000b9300000, 0x00000000b9300000|100%| E|CS|TAMS 0x00000000b9200000, 0x00000000b9200000| Complete 
| 915|0x00000000b9300000, 0x00000000b9400000, 0x00000000b9400000|100%| E|CS|TAMS 0x00000000b9300000, 0x00000000b9300000| Complete 
| 916|0x00000000b9400000, 0x00000000b9500000, 0x00000000b9500000|100%| E|CS|TAMS 0x00000000b9400000, 0x00000000b9400000| Complete 
| 917|0x00000000b9500000, 0x00000000b9600000, 0x00000000b9600000|100%| E|CS|TAMS 0x00000000b9500000, 0x00000000b9500000| Complete 
| 918|0x00000000b9600000, 0x00000000b9700000, 0x00000000b9700000|100%| E|CS|TAMS 0x00000000b9600000, 0x00000000b9600000| Complete 
| 919|0x00000000b9700000, 0x00000000b9800000, 0x00000000b9800000|100%| E|CS|TAMS 0x00000000b9700000, 0x00000000b9700000| Complete 
| 920|0x00000000b9800000, 0x00000000b9900000, 0x00000000b9900000|100%| E|CS|TAMS 0x00000000b9800000, 0x00000000b9800000| Complete 
| 921|0x00000000b9900000, 0x00000000b9a00000, 0x00000000b9a00000|100%| E|CS|TAMS 0x00000000b9900000, 0x00000000b9900000| Complete 
| 922|0x00000000b9a00000, 0x00000000b9aa5a60, 0x00000000b9b00000| 64%| S|CS|TAMS 0x00000000b9a00000, 0x00000000b9a00000| Complete 
| 923|0x00000000b9b00000, 0x00000000b9c00000, 0x00000000b9c00000|100%| S|CS|TAMS 0x00000000b9b00000, 0x00000000b9b00000| Complete 
| 924|0x00000000b9c00000, 0x00000000b9d00000, 0x00000000b9d00000|100%| S|CS|TAMS 0x00000000b9c00000, 0x00000000b9c00000| Complete 
| 925|0x00000000b9d00000, 0x00000000b9e00000, 0x00000000b9e00000|100%| S|CS|TAMS 0x00000000b9d00000, 0x00000000b9d00000| Complete 
| 926|0x00000000b9e00000, 0x00000000b9f00000, 0x00000000b9f00000|100%| E|CS|TAMS 0x00000000b9e00000, 0x00000000b9e00000| Complete 
| 927|0x00000000b9f00000, 0x00000000ba000000, 0x00000000ba000000|100%| E|CS|TAMS 0x00000000b9f00000, 0x00000000b9f00000| Complete 
| 928|0x00000000ba000000, 0x00000000ba100000, 0x00000000ba100000|100%| E|  |TAMS 0x00000000ba000000, 0x00000000ba000000| Complete 
| 929|0x00000000ba100000, 0x00000000ba200000, 0x00000000ba200000|100%| E|CS|TAMS 0x00000000ba100000, 0x00000000ba100000| Complete 
|2046|0x00000000ffe00000, 0x00000000ffe75000, 0x00000000fff00000| 45%|OA|  |TAMS 0x00000000ffe75000, 0x00000000ffe00000| Untracked 
|2047|0x00000000fff00000, 0x00000000fff78000, 0x0000000100000000| 46%|CA|  |TAMS 0x00000000fff78000, 0x00000000fff00000| Untracked 

Card table byte_map: [0x00007fe48132e000,0x00007fe48172e000] _byte_map_base: 0x00007fe480f2e000

Marking Bits (Prev, Next): (CMBitMap*) 0x00007fe47c076390, (CMBitMap*) 0x00007fe47c076350
 Prev Bits: [0x00007fe46154c000, 0x00007fe46354c000)
 Next Bits: [0x00007fe46354c000, 0x00007fe46554c000)

Polling page: 0x00007fe483b9a000

Metaspace:

Usage:
  Non-class:    136.36 MB used.
      Class:     20.64 MB used.
       Both:    157.00 MB used.

Virtual space:
  Non-class space:      192.00 MB reserved,     137.75 MB ( 72%) committed,  3 nodes.
      Class space:      416.00 MB reserved,      21.81 MB (  5%) committed,  1 nodes.
             Both:      608.00 MB reserved,     159.56 MB ( 26%) committed. 

Chunk freelists:
   Non-Class:  6.14 MB
       Class:  10.11 MB
        Both:  16.25 MB

MaxMetaspaceSize: 512.00 MB
CompressedClassSpaceSize: 416.00 MB
Initial GC threshold: 21.00 MB
Current GC threshold: 265.94 MB
CDS: on
MetaspaceReclaimPolicy: balanced
 - commit_granule_bytes: 65536.
 - commit_granule_words: 8192.
 - virtual_space_node_default_size: 8388608.
 - enlarge_chunks_in_place: 1.
 - new_chunks_are_fully_committed: 0.
 - uncommit_free_chunks: 1.
 - use_allocation_guard: 0.
 - handle_deallocations: 1.


Internal statistics:

num_allocs_failed_limit: 27.
num_arena_births: 3724.
num_arena_deaths: 4.
num_vsnodes_births: 4.
num_vsnodes_deaths: 0.
num_space_committed: 2556.
num_space_uncommitted: 5.
num_chunks_returned_to_freelist: 65.
num_chunks_taken_from_freelist: 11488.
num_chunk_merges: 36.
num_chunk_splits: 7103.
num_chunks_enlarged: 4041.
num_inconsistent_stats: 0.

CodeHeap 'non-profiled nmethods': size=120032Kb used=17296Kb max_used=17308Kb free=102735Kb
 bounds [0x00007fe46d014000, 0x00007fe46e134000, 0x00007fe47454c000]
CodeHeap 'profiled nmethods': size=120028Kb used=49099Kb max_used=49099Kb free=70928Kb
 bounds [0x00007fe46554c000, 0x00007fe46854c000, 0x00007fe46ca83000]
CodeHeap 'non-nmethods': size=5700Kb used=2561Kb max_used=2665Kb free=3138Kb
 bounds [0x00007fe46ca83000, 0x00007fe46cd33000, 0x00007fe46d014000]
 total_blobs=26025 nmethods=24895 adapters=1042
 compilation: enabled
              stopped_count=0, restarted_count=0
 full_count=0

Compilation events (20 events):
Event: 317.064 Thread 0x00007fe47c179460 nmethod 30945 0x00007fe46e07d810 code [0x00007fe46e07d9a0, 0x00007fe46e07da78]
Event: 317.064 Thread 0x00007fe47c179460 30923       4       com.sun.tools.javac.code.Symtab::getClass (42 bytes)
Event: 317.070 Thread 0x00007fe47c179460 nmethod 30923 0x00007fe46d969490 code [0x00007fe46d9696a0, 0x00007fe46d969c10]
Event: 317.070 Thread 0x00007fe47c179460 31319       4       com.sun.tools.javac.util.List::of (12 bytes)
Event: 317.071 Thread 0x00007fe47c179460 nmethod 31319 0x00007fe46d969190 code [0x00007fe46d969320, 0x00007fe46d9693f8]
Event: 317.071 Thread 0x00007fe47c179460 30939       4       com.sun.tools.javac.code.Symbol$ClassSymbol::erasure (45 bytes)
Event: 317.077 Thread 0x00007fe47c179460 nmethod 30939 0x00007fe46d649510 code [0x00007fe46d6496c0, 0x00007fe46d64a058]
Event: 317.078 Thread 0x00007fe47c179460 30849       4       jdk.nio.zipfs.ZipPath::toString (12 bytes)
Event: 317.081 Thread 0x00007fe47c179460 nmethod 30849 0x00007fe46d968a90 code [0x00007fe46d968c40, 0x00007fe46d968f08]
Event: 317.081 Thread 0x00007fe47c179460 30856       4       jdk.nio.zipfs.ZipFileSystem::endRead (15 bytes)
Event: 317.083 Thread 0x00007fe47c179460 nmethod 30856 0x00007fe46d648d10 code [0x00007fe46d648ee0, 0x00007fe46d649228]
Event: 317.083 Thread 0x00007fe47c179460 30857       4       jdk.nio.zipfs.ZipFileSystem::ensureOpen (16 bytes)
Event: 317.083 Thread 0x00007fe47c179460 nmethod 30857 0x00007fe46d968790 code [0x00007fe46d968920, 0x00007fe46d9689b8]
Event: 317.083 Thread 0x00007fe47c179460 30993       4       com.sun.tools.javac.code.Types$15::visitClassType (130 bytes)
Event: 317.121 Thread 0x00007fe47c179460 nmethod 30993 0x00007fe46da36c10 code [0x00007fe46da36f20, 0x00007fe46da39128]
Event: 317.121 Thread 0x00007fe47c179460 30846       4       java.nio.file.SimpleFileVisitor::visitFile (14 bytes)
Event: 317.121 Thread 0x00007fe47c179460 nmethod 30846 0x00007fe46d968310 code [0x00007fe46d9684a0, 0x00007fe46d968558]
Event: 317.121 Thread 0x00007fe47c179460 30924       4       com.sun.tools.javac.util.Name::subName (28 bytes)
Event: 317.122 Thread 0x00007fe47c179460 nmethod 30924 0x00007fe46d648910 code [0x00007fe46d648aa0, 0x00007fe46d648ba8]
Event: 317.123 Thread 0x00007fe47c179460 30927       4       com.sun.tools.javac.code.Symtab::lookupPackage (259 bytes)

GC Heap History (20 events):
Event: 204.846 GC heap before
{Heap before GC invocations=79 (full 0):
 garbage-first heap   total 667648K, used 439732K [0x0000000080000000, 0x0000000100000000)
  region size 1024K, 77 young (78848K), 4 survivors (4096K)
 Metaspace       used 134597K, committed 136832K, reserved 557056K
  class space    used 18282K, committed 19328K, reserved 425984K
}
Event: 206.362 GC heap after
{Heap after GC invocations=80 (full 0):
 garbage-first heap   total 667648K, used 367598K [0x0000000080000000, 0x0000000100000000)
  region size 1024K, 7 young (7168K), 7 survivors (7168K)
 Metaspace       used 134597K, committed 136832K, reserved 557056K
  class space    used 18282K, committed 19328K, reserved 425984K
}
Event: 240.873 GC heap before
{Heap before GC invocations=81 (full 0):
 garbage-first heap   total 667648K, used 520174K [0x0000000080000000, 0x0000000100000000)
  region size 1024K, 157 young (160768K), 7 survivors (7168K)
 Metaspace       used 137760K, committed 139968K, reserved 557056K
  class space    used 18688K, committed 19776K, reserved 425984K
}
Event: 240.916 GC heap after
{Heap after GC invocations=82 (full 0):
 garbage-first heap   total 667648K, used 376080K [0x0000000080000000, 0x0000000100000000)
  region size 1024K, 15 young (15360K), 15 survivors (15360K)
 Metaspace       used 137760K, committed 139968K, reserved 557056K
  class space    used 18688K, committed 19776K, reserved 425984K
}
Event: 242.040 GC heap before
{Heap before GC invocations=82 (full 0):
 garbage-first heap   total 667648K, used 392464K [0x0000000080000000, 0x0000000100000000)
  region size 1024K, 32 young (32768K), 15 survivors (15360K)
 Metaspace       used 137820K, committed 140096K, reserved 557056K
  class space    used 18692K, committed 19776K, reserved 425984K
}
Event: 242.099 GC heap after
{Heap after GC invocations=83 (full 0):
 garbage-first heap   total 667648K, used 343974K [0x0000000080000000, 0x0000000100000000)
  region size 1024K, 2 young (2048K), 2 survivors (2048K)
 Metaspace       used 137820K, committed 140096K, reserved 557056K
  class space    used 18692K, committed 19776K, reserved 425984K
}
Event: 242.930 GC heap before
{Heap before GC invocations=83 (full 0):
 garbage-first heap   total 667648K, used 358310K [0x0000000080000000, 0x0000000100000000)
  region size 1024K, 17 young (17408K), 2 survivors (2048K)
 Metaspace       used 137965K, committed 140288K, reserved 557056K
  class space    used 18704K, committed 19840K, reserved 425984K
}
Event: 242.935 GC heap after
{Heap after GC invocations=84 (full 0):
 garbage-first heap   total 667648K, used 342950K [0x0000000080000000, 0x0000000100000000)
  region size 1024K, 1 young (1024K), 1 survivors (1024K)
 Metaspace       used 137965K, committed 140288K, reserved 557056K
  class space    used 18704K, committed 19840K, reserved 425984K
}
Event: 279.489 GC heap before
{Heap before GC invocations=85 (full 0):
 garbage-first heap   total 667648K, used 518054K [0x0000000080000000, 0x0000000100000000)
  region size 1024K, 186 young (190464K), 1 survivors (1024K)
 Metaspace       used 143028K, committed 145344K, reserved 557056K
  class space    used 19111K, committed 20224K, reserved 425984K
}
Event: 279.503 GC heap after
{Heap after GC invocations=86 (full 0):
 garbage-first heap   total 667648K, used 331757K [0x0000000080000000, 0x0000000100000000)
  region size 1024K, 7 young (7168K), 7 survivors (7168K)
 Metaspace       used 143028K, committed 145344K, reserved 557056K
  class space    used 19111K, committed 20224K, reserved 425984K
}
Event: 279.561 GC heap before
{Heap before GC invocations=86 (full 0):
 garbage-first heap   total 667648K, used 356333K [0x0000000080000000, 0x0000000100000000)
  region size 1024K, 32 young (32768K), 7 survivors (7168K)
 Metaspace       used 143046K, committed 145344K, reserved 557056K
  class space    used 19111K, committed 20224K, reserved 425984K
}
Event: 279.575 GC heap after
{Heap after GC invocations=87 (full 0):
 garbage-first heap   total 667648K, used 309032K [0x0000000080000000, 0x0000000100000000)
  region size 1024K, 1 young (1024K), 1 survivors (1024K)
 Metaspace       used 143046K, committed 145344K, reserved 557056K
  class space    used 19111K, committed 20224K, reserved 425984K
}
Event: 294.428 GC heap before
{Heap before GC invocations=87 (full 0):
 garbage-first heap   total 667648K, used 534312K [0x0000000080000000, 0x0000000100000000)
  region size 1024K, 222 young (227328K), 1 survivors (1024K)
 Metaspace       used 145958K, committed 148352K, reserved 557056K
  class space    used 19410K, committed 20544K, reserved 425984K
}
Event: 294.468 GC heap after
{Heap after GC invocations=88 (full 0):
 garbage-first heap   total 954368K, used 314587K [0x0000000080000000, 0x0000000100000000)
  region size 1024K, 7 young (7168K), 7 survivors (7168K)
 Metaspace       used 145958K, committed 148352K, reserved 557056K
  class space    used 19410K, committed 20544K, reserved 425984K
}
Event: 313.397 GC heap before
{Heap before GC invocations=89 (full 0):
 garbage-first heap   total 954368K, used 817371K [0x0000000080000000, 0x0000000100000000)
  region size 1024K, 487 young (498688K), 7 survivors (7168K)
 Metaspace       used 160532K, committed 163008K, reserved 622592K
  class space    used 21140K, committed 22336K, reserved 425984K
}
Event: 313.451 GC heap after
{Heap after GC invocations=90 (full 0):
 garbage-first heap   total 954368K, used 338396K [0x0000000080000000, 0x0000000100000000)
  region size 1024K, 26 young (26624K), 26 survivors (26624K)
 Metaspace       used 160532K, committed 163008K, reserved 622592K
  class space    used 21140K, committed 22336K, reserved 425984K
}
Event: 316.026 GC heap before
{Heap before GC invocations=90 (full 0):
 garbage-first heap   total 954368K, used 361948K [0x0000000080000000, 0x0000000100000000)
  region size 1024K, 46 young (47104K), 26 survivors (26624K)
 Metaspace       used 160598K, committed 163072K, reserved 622592K
  class space    used 21140K, committed 22336K, reserved 425984K
}
Event: 316.073 GC heap after
{Heap after GC invocations=91 (full 0):
 garbage-first heap   total 954368K, used 327559K [0x0000000080000000, 0x0000000100000000)
  region size 1024K, 4 young (4096K), 4 survivors (4096K)
 Metaspace       used 160598K, committed 163072K, reserved 622592K
  class space    used 21140K, committed 22336K, reserved 425984K
}
Event: 316.107 GC heap before
{Heap before GC invocations=91 (full 0):
 garbage-first heap   total 954368K, used 330631K [0x0000000080000000, 0x0000000100000000)
  region size 1024K, 8 young (8192K), 4 survivors (4096K)
 Metaspace       used 160868K, committed 163328K, reserved 622592K
  class space    used 21160K, committed 22336K, reserved 425984K
}
Event: 316.114 GC heap after
{Heap after GC invocations=92 (full 0):
 garbage-first heap   total 954368K, used 327645K [0x0000000080000000, 0x0000000100000000)
  region size 1024K, 4 young (4096K), 4 survivors (4096K)
 Metaspace       used 160868K, committed 163328K, reserved 622592K
  class space    used 21160K, committed 22336K, reserved 425984K
}

Dll operation events (15 events):
Event: 0.003 Loaded shared library /usr/lib/jvm/java-17-openjdk-amd64/lib/libjava.so
Event: 0.017 Loaded shared library /usr/lib/jvm/java-17-openjdk-amd64/lib/libjsvml.so
Event: 0.061 Loaded shared library /usr/lib/jvm/java-17-openjdk-amd64/lib/libzip.so
Event: 0.062 Loaded shared library /usr/lib/jvm/java-17-openjdk-amd64/lib/libinstrument.so
Event: 0.064 Loaded shared library /usr/lib/jvm/java-17-openjdk-amd64/lib/libnio.so
Event: 0.065 Loaded shared library /usr/lib/jvm/java-17-openjdk-amd64/lib/libzip.so
Event: 0.203 Loaded shared library /usr/lib/jvm/java-17-openjdk-amd64/lib/libjimage.so
Event: 0.354 Loaded shared library /usr/lib/jvm/java-17-openjdk-amd64/lib/libverify.so
Event: 0.380 Loaded shared library /usr/lib/jvm/java-17-openjdk-amd64/lib/libnet.so
Event: 0.382 Loaded shared library /home/link-lap-12/.gradle/native/1def1411415f61bf3af743bc5b6707747c0891f09f0c88961ee8f79bc544acac/linux-amd64/libnative-platform.so
Event: 0.403 Loaded shared library /home/link-lap-12/.gradle/native/0.2.8/x86_64-linux-gnu/libgradle-fileevents.so
Event: 1.559 Loaded shared library /usr/lib/jvm/java-17-openjdk-amd64/lib/libmanagement.so
Event: 1.560 Loaded shared library /usr/lib/jvm/java-17-openjdk-amd64/lib/libmanagement_ext.so
Event: 1.657 Loaded shared library /usr/lib/jvm/java-17-openjdk-amd64/lib/libextnet.so
Event: 297.793 Loaded shared library /usr/lib/jvm/java-17-openjdk-amd64/lib/librmi.so

Deoptimization events (20 events):
Event: 316.389 Thread 0x00007fe3b8667790 DEOPT PACKING pc=0x00007fe4680a05a1 sp=0x00007fe4282ea7b0
Event: 316.389 Thread 0x00007fe3b8667790 DEOPT UNPACKING pc=0x00007fe46cad9e2f sp=0x00007fe4282e9c48 mode 0
Event: 316.529 Thread 0x00007fe3b8667790 Uncommon trap: trap_request=0xffffffbe fr.pc=0x00007fe46d89ba04 relative=0x00000000000005a4
Event: 316.529 Thread 0x00007fe3b8667790 Uncommon trap: reason=profile_predicate action=maybe_recompile pc=0x00007fe46d89ba04 method=javax.lang.model.SourceVersion.isIdentifier(Ljava/lang/CharSequence;)Z @ 41 c2
Event: 316.529 Thread 0x00007fe3b8667790 DEOPT PACKING pc=0x00007fe46d89ba04 sp=0x00007fe4282ea8a0
Event: 316.529 Thread 0x00007fe3b8667790 DEOPT UNPACKING pc=0x00007fe46cad9699 sp=0x00007fe4282ea848 mode 2
Event: 316.529 Thread 0x00007fe3b8667790 Uncommon trap: trap_request=0xffffffbe fr.pc=0x00007fe46d89ba04 relative=0x00000000000005a4
Event: 316.529 Thread 0x00007fe3b8667790 Uncommon trap: reason=profile_predicate action=maybe_recompile pc=0x00007fe46d89ba04 method=javax.lang.model.SourceVersion.isIdentifier(Ljava/lang/CharSequence;)Z @ 41 c2
Event: 316.529 Thread 0x00007fe3b8667790 DEOPT PACKING pc=0x00007fe46d89ba04 sp=0x00007fe4282ea8a0
Event: 316.529 Thread 0x00007fe3b8667790 DEOPT UNPACKING pc=0x00007fe46cad9699 sp=0x00007fe4282ea848 mode 2
Event: 316.529 Thread 0x00007fe3b8667790 Uncommon trap: trap_request=0xffffffbe fr.pc=0x00007fe46d89ba04 relative=0x00000000000005a4
Event: 316.529 Thread 0x00007fe3b8667790 Uncommon trap: reason=profile_predicate action=maybe_recompile pc=0x00007fe46d89ba04 method=javax.lang.model.SourceVersion.isIdentifier(Ljava/lang/CharSequence;)Z @ 41 c2
Event: 316.529 Thread 0x00007fe3b8667790 DEOPT PACKING pc=0x00007fe46d89ba04 sp=0x00007fe4282ea8a0
Event: 316.529 Thread 0x00007fe3b8667790 DEOPT UNPACKING pc=0x00007fe46cad9699 sp=0x00007fe4282ea848 mode 2
Event: 316.529 Thread 0x00007fe3b8667790 Uncommon trap: trap_request=0xffffffbe fr.pc=0x00007fe46d89ba04 relative=0x00000000000005a4
Event: 316.529 Thread 0x00007fe3b8667790 Uncommon trap: reason=profile_predicate action=maybe_recompile pc=0x00007fe46d89ba04 method=javax.lang.model.SourceVersion.isIdentifier(Ljava/lang/CharSequence;)Z @ 41 c2
Event: 316.529 Thread 0x00007fe3b8667790 DEOPT PACKING pc=0x00007fe46d89ba04 sp=0x00007fe4282ea8a0
Event: 316.529 Thread 0x00007fe3b8667790 DEOPT UNPACKING pc=0x00007fe46cad9699 sp=0x00007fe4282ea848 mode 2
Event: 316.529 Thread 0x00007fe3b8667790 DEOPT PACKING pc=0x00007fe46738aed4 sp=0x00007fe4282ea410
Event: 316.529 Thread 0x00007fe3b8667790 DEOPT UNPACKING pc=0x00007fe46cad9e2f sp=0x00007fe4282e9950 mode 0

Classes loaded (20 events):
Event: 306.173 Loading class java/util/regex/Pattern$Pos
Event: 306.173 Loading class java/util/regex/Pattern$Pos done
Event: 306.187 Loading class java/util/function/ToIntBiFunction
Event: 306.187 Loading class java/util/function/ToIntBiFunction done
Event: 306.192 Loading class java/nio/file/Path$1
Event: 306.192 Loading class java/nio/file/Path$1 done
Event: 306.570 Loading class java/text/MessageFormat
Event: 306.570 Loading class java/text/MessageFormat done
Event: 306.571 Loading class java/text/MessageFormat$Field
Event: 306.571 Loading class java/text/MessageFormat$Field done
Event: 306.636 Loading class java/util/EnumMap$Values
Event: 306.636 Loading class java/util/EnumMap$Values done
Event: 306.636 Loading class java/util/EnumMap$ValueIterator
Event: 306.636 Loading class java/util/EnumMap$ValueIterator done
Event: 306.651 Loading class java/text/FieldPosition$Delegate
Event: 306.651 Loading class java/text/FieldPosition$Delegate done
Event: 308.471 Loading class java/util/Collections$UnmodifiableSortedMap
Event: 308.472 Loading class java/util/Collections$UnmodifiableSortedMap done
Event: 308.483 Loading class java/nio/BufferMismatch
Event: 308.483 Loading class java/nio/BufferMismatch done

Classes unloaded (20 events):
Event: 316.874 Thread 0x00007fe47c16a680 Unloading class 0x00007fe42b55b800 'jdk/internal/jimage/ImageHeader'
Event: 316.874 Thread 0x00007fe47c16a680 Unloading class 0x00007fe42b55ac88 'jdk/internal/jimage/BasicImageReader$2'
Event: 316.874 Thread 0x00007fe47c16a680 Unloading class 0x00007fe42b559db8 'jdk/internal/jimage/BasicImageReader$1'
Event: 316.874 Thread 0x00007fe47c16a680 Unloading class 0x00007fe42b55aa18 'jdk/internal/jimage/ImageReader$Resource'
Event: 316.874 Thread 0x00007fe47c16a680 Unloading class 0x00007fe42b55a7a8 'jdk/internal/jimage/ImageReader$LinkNode'
Event: 316.874 Thread 0x00007fe47c16a680 Unloading class 0x00007fe42b55a538 'jdk/internal/jimage/ImageReader$Directory'
Event: 316.874 Thread 0x00007fe47c16a680 Unloading class 0x00007fe42b55a2c8 'jdk/internal/jimage/ImageReader$Node'
Event: 316.874 Thread 0x00007fe47c16a680 Unloading class 0x00007fe42b558df0 'jdk/internal/jimage/ImageStrings'
Event: 316.874 Thread 0x00007fe47c16a680 Unloading class 0x00007fe42b55a000 'jdk/internal/jimage/ImageReader$SharedImageReader'
Event: 316.874 Thread 0x00007fe47c16a680 Unloading class 0x00007fe42b559af0 'jdk/internal/jimage/BasicImageReader'
Event: 316.874 Thread 0x00007fe47c16a680 Unloading class 0x00007fe42b5598c8 'jdk/internal/jimage/ImageReader'
Event: 316.874 Thread 0x00007fe47c16a680 Unloading class 0x00007fe42b559698 'jdk/internal/jrtfs/SystemImage$2'
Event: 316.874 Thread 0x00007fe47c16a680 Unloading class 0x00007fe42b559478 'jdk/internal/jrtfs/SystemImage$$Lambda$3024+0x00007fe42b559478'
Event: 316.874 Thread 0x00007fe47c16a680 Unloading class 0x00007fe42b559240 'jdk/internal/jrtfs/ExplodedImage'
Event: 316.874 Thread 0x00007fe47c16a680 Unloading class 0x00007fe42b559000 'jdk/internal/jrtfs/SystemImage$1'
Event: 316.874 Thread 0x00007fe47c16a680 Unloading class 0x00007fe42b558bd0 'jdk/internal/jrtfs/SystemImage'
Event: 316.874 Thread 0x00007fe47c16a680 Unloading class 0x00007fe42b558968 'jdk/internal/jrtfs/JrtFileStore'
Event: 316.874 Thread 0x00007fe47c16a680 Unloading class 0x00007fe42b5585e8 'jdk/internal/jrtfs/JrtPath'
Event: 316.874 Thread 0x00007fe47c16a680 Unloading class 0x00007fe42b5582e8 'jdk/internal/jrtfs/JrtFileSystem'
Event: 316.874 Thread 0x00007fe47c16a680 Unloading class 0x00007fe42b558000 'jdk/internal/jrtfs/JrtFileSystemProvider'

Classes redefined (0 events):
No events

Internal exceptions (20 events):
Event: 310.842 Thread 0x00007fe3f43151a0 Implicit null exception at 0x00007fe46dc0f203 to 0x00007fe46dc14d04
Event: 311.569 Thread 0x00007fe3ec056480 Exception <a 'sun/nio/fs/UnixException'{0x00000000a005ed68}> (0x00000000a005ed68) 
thrown [src/hotspot/share/prims/jni.cpp, line 516]
Event: 311.847 Thread 0x00007fe3b8667790 Exception <a 'sun/nio/fs/UnixException'{0x000000009fe0d2f0}> (0x000000009fe0d2f0) 
thrown [src/hotspot/share/prims/jni.cpp, line 516]
Event: 311.847 Thread 0x00007fe3f407fe30 Exception <a 'sun/nio/fs/UnixException'{0x00000000aab2dc58}> (0x00000000aab2dc58) 
thrown [src/hotspot/share/prims/jni.cpp, line 516]
Event: 312.090 Thread 0x00007fe3b838d140 Exception <a 'sun/nio/fs/UnixException'{0x000000009ffd8e48}> (0x000000009ffd8e48) 
thrown [src/hotspot/share/prims/jni.cpp, line 516]
Event: 312.090 Thread 0x00007fe3b838d140 Exception <a 'sun/nio/fs/UnixException'{0x000000009ffd9020}> (0x000000009ffd9020) 
thrown [src/hotspot/share/prims/jni.cpp, line 516]
Event: 312.824 Thread 0x00007fe3cd83de30 Exception <a 'java/io/IOException'{0x000000009e663628}> (0x000000009e663628) 
thrown [src/hotspot/share/prims/jni.cpp, line 516]
Event: 313.136 Thread 0x00007fe3b8667790 Exception <a 'sun/nio/fs/UnixException'{0x000000009ccafca0}> (0x000000009ccafca0) 
thrown [src/hotspot/share/prims/jni.cpp, line 516]
Event: 313.136 Thread 0x00007fe3b8667790 Exception <a 'sun/nio/fs/UnixException'{0x000000009ccb11d0}> (0x000000009ccb11d0) 
thrown [src/hotspot/share/prims/jni.cpp, line 516]
Event: 313.136 Thread 0x00007fe3b8667790 Exception <a 'sun/nio/fs/UnixException'{0x000000009ccb26e8}> (0x000000009ccb26e8) 
thrown [src/hotspot/share/prims/jni.cpp, line 516]
Event: 313.588 Thread 0x00007fe3b8667790 Exception <a 'sun/nio/fs/UnixException'{0x00000000b99bd380}> (0x00000000b99bd380) 
thrown [src/hotspot/share/prims/jni.cpp, line 516]
Event: 313.589 Thread 0x00007fe3f407fe30 Exception <a 'sun/nio/fs/UnixException'{0x00000000b99cacb8}> (0x00000000b99cacb8) 
thrown [src/hotspot/share/prims/jni.cpp, line 516]
Event: 313.589 Thread 0x00007fe3f407fe30 Exception <a 'sun/nio/fs/UnixException'{0x00000000b99cae88}> (0x00000000b99cae88) 
thrown [src/hotspot/share/prims/jni.cpp, line 516]
Event: 313.608 Thread 0x00007fe3ec056480 Exception <a 'sun/nio/fs/UnixException'{0x00000000b9868990}> (0x00000000b9868990) 
thrown [src/hotspot/share/prims/jni.cpp, line 516]
Event: 313.608 Thread 0x00007fe3b838d140 Exception <a 'sun/nio/fs/UnixException'{0x00000000b99d4620}> (0x00000000b99d4620) 
thrown [src/hotspot/share/prims/jni.cpp, line 516]
Event: 316.073 Thread 0x00007fe3b8667790 Implicit null exception at 0x00007fe46e0bfbf4 to 0x00007fe46e0c02fc
Event: 316.554 Thread 0x00007fe3b8667790 Exception <a 'sun/nio/fs/UnixException'{0x00000000b7708d70}> (0x00000000b7708d70) 
thrown [src/hotspot/share/prims/jni.cpp, line 516]
Event: 316.554 Thread 0x00007fe3b8667790 Exception <a 'sun/nio/fs/UnixException'{0x00000000b770a2b8}> (0x00000000b770a2b8) 
thrown [src/hotspot/share/prims/jni.cpp, line 516]
Event: 316.554 Thread 0x00007fe3b8667790 Exception <a 'sun/nio/fs/UnixException'{0x00000000b770b7f0}> (0x00000000b770b7f0) 
thrown [src/hotspot/share/prims/jni.cpp, line 516]
Event: 316.554 Thread 0x00007fe3b8667790 Exception <a 'sun/nio/fs/UnixException'{0x00000000b770cd10}> (0x00000000b770cd10) 
thrown [src/hotspot/share/prims/jni.cpp, line 516]

VM Operations (20 events):
Event: 313.284 Executing VM operation: ICBufferFull done
Event: 313.306 Executing VM operation: HandshakeAllThreads
Event: 313.306 Executing VM operation: HandshakeAllThreads done
Event: 313.396 Executing VM operation: G1CollectForAllocation
Event: 313.451 Executing VM operation: G1CollectForAllocation done
Event: 314.451 Executing VM operation: Cleanup
Event: 314.451 Executing VM operation: Cleanup done
Event: 316.026 Executing VM operation: G1CollectForAllocation
Event: 316.073 Executing VM operation: G1CollectForAllocation done
Event: 316.107 Executing VM operation: G1TryInitiateConcMark
Event: 316.114 Executing VM operation: G1TryInitiateConcMark done
Event: 316.539 Executing VM operation: ICBufferFull
Event: 316.539 Executing VM operation: ICBufferFull done
Event: 316.723 Executing VM operation: ICBufferFull
Event: 316.724 Executing VM operation: ICBufferFull done
Event: 316.756 Executing VM operation: HandshakeAllThreads
Event: 316.757 Executing VM operation: HandshakeAllThreads done
Event: 316.872 Executing VM operation: G1PauseRemark
Event: 316.896 Executing VM operation: G1PauseRemark done
Event: 317.142 Executing VM operation: G1PauseCleanup

Memory protections (20 events):
Event: 296.533 Protecting memory [0x00007fe4600a6000,0x00007fe4600aa000] with protection modes 0
Event: 296.731 Protecting memory [0x00007fe4283f4000,0x00007fe4283f8000] with protection modes 0
Event: 297.790 Protecting memory [0x00007fe4283f4000,0x00007fe4283f8000] with protection modes 0
Event: 297.793 Protecting memory [0x00007fe3c15fb000,0x00007fe3c15ff000] with protection modes 0
Event: 297.794 Protecting memory [0x00007fe3c18fe000,0x00007fe3c1902000] with protection modes 0
Event: 297.944 Protecting memory [0x00007fe3c16fc000,0x00007fe3c1700000] with protection modes 0
Event: 297.944 Protecting memory [0x00007fe3c17fd000,0x00007fe3c1801000] with protection modes 0
Event: 297.977 Protecting memory [0x00007fe3c14fa000,0x00007fe3c14fe000] with protection modes 0
Event: 300.946 Protecting memory [0x00007fe3c13f9000,0x00007fe3c13fd000] with protection modes 0
Event: 301.033 Protecting memory [0x00007fe3c12f8000,0x00007fe3c12fc000] with protection modes 0
Event: 301.041 Protecting memory [0x00007fe3c11f7000,0x00007fe3c11fb000] with protection modes 0
Event: 301.054 Protecting memory [0x00007fe460046000,0x00007fe46004a000] with protection modes 0
Event: 301.058 Protecting memory [0x00007fe3c10f6000,0x00007fe3c10fa000] with protection modes 0
Event: 301.061 Protecting memory [0x00007fe3bceff000,0x00007fe3bcf03000] with protection modes 0
Event: 303.983 Protecting memory [0x00007fe3bcdfe000,0x00007fe3bce02000] with protection modes 0
Event: 308.146 Protecting memory [0x00007fe3bc845000,0x00007fe3bc849000] with protection modes 0
Event: 308.147 Protecting memory [0x00007fe3bc946000,0x00007fe3bc94a000] with protection modes 0
Event: 308.154 Protecting memory [0x00007fe3bc744000,0x00007fe3bc748000] with protection modes 0
Event: 310.148 Protecting memory [0x00007fe3bc643000,0x00007fe3bc647000] with protection modes 0
Event: 313.460 Protecting memory [0x00007fe3bc643000,0x00007fe3bc647000] with protection modes 0

Nmethod flushes (20 events):
Event: 316.760 Thread 0x00007fe47c183df0 flushing  nmethod 0x00007fe46d56fe90
Event: 316.760 Thread 0x00007fe47c183df0 flushing  nmethod 0x00007fe46d576a10
Event: 316.764 Thread 0x00007fe47c183df0 flushing  nmethod 0x00007fe46ddb3410
Event: 316.766 Thread 0x00007fe47c183df0 flushing  nmethod 0x00007fe46e0f0410
Event: 316.772 Thread 0x00007fe47c183df0 flushing  nmethod 0x00007fe465c04910
Event: 316.773 Thread 0x00007fe47c183df0 flushing  nmethod 0x00007fe465d22f10
Event: 316.790 Thread 0x00007fe47c183df0 flushing  nmethod 0x00007fe466547710
Event: 316.791 Thread 0x00007fe47c183df0 flushing  nmethod 0x00007fe466787990
Event: 316.793 Thread 0x00007fe47c183df0 flushing  nmethod 0x00007fe466bb5510
Event: 316.793 Thread 0x00007fe47c183df0 flushing  nmethod 0x00007fe466bb6010
Event: 316.797 Thread 0x00007fe47c183df0 flushing  nmethod 0x00007fe467386d90
Event: 316.797 Thread 0x00007fe47c183df0 flushing  nmethod 0x00007fe4673f2790
Event: 316.798 Thread 0x00007fe47c183df0 flushing  nmethod 0x00007fe4674a1910
Event: 316.798 Thread 0x00007fe47c183df0 flushing osr nmethod 0x00007fe4675aa010
Event: 316.802 Thread 0x00007fe47c183df0 flushing  nmethod 0x00007fe467ad5510
Event: 316.810 Thread 0x00007fe47c183df0 flushing  nmethod 0x00007fe468264490
Event: 316.810 Thread 0x00007fe47c183df0 flushing  nmethod 0x00007fe468270b90
Event: 316.810 Thread 0x00007fe47c183df0 flushing  nmethod 0x00007fe468271010
Event: 316.810 Thread 0x00007fe47c183df0 flushing  nmethod 0x00007fe468271e90
Event: 316.810 Thread 0x00007fe47c183df0 flushing  nmethod 0x00007fe468277b90

Events (20 events):
Event: 297.742 Thread 0x00007fe3f80a2b60 Thread exited: 0x00007fe3f80a2b60
Event: 297.790 Thread 0x00007fe3e8079340 Thread added: 0x00007fe3f811b900
Event: 297.793 Thread 0x00007fe3e8079340 Thread added: 0x00007fe3f8123de0
Event: 297.794 Thread 0x00007fe3e8079340 Thread added: 0x00007fe3f8125770
Event: 297.944 Thread 0x00007fe3e8079340 Thread added: 0x00007fe3f8136500
Event: 297.944 Thread 0x00007fe3e8079340 Thread added: 0x00007fe3f8137440
Event: 297.977 Thread 0x00007fe3f8136500 Thread added: 0x00007fe414071870
Event: 300.946 Thread 0x00007fe400067a70 Thread added: 0x00007fe3d4078c80
Event: 301.033 Thread 0x00007fe3f8136500 Thread added: 0x00007fe41426f6f0
Event: 301.038 Thread 0x00007fe3f40ef700 Thread added: 0x00007fe414091240
Event: 301.054 Thread 0x00007fe3f40ef700 Thread added: 0x00007fe41408c590
Event: 301.058 Thread 0x00007fe3f40ef700 Thread added: 0x00007fe41408e380
Event: 301.061 Thread 0x00007fe3f40ef700 Thread added: 0x00007fe414075ec0
Event: 303.983 Thread 0x00007fe3ec056480 Thread added: 0x00007fe3f40c6750
Event: 308.146 Thread 0x00007fe3ec056480 Thread added: 0x00007fe3f4667c20
Event: 308.146 Thread 0x00007fe3ec056480 Thread added: 0x00007fe3f4314220
Event: 308.148 Thread 0x00007fe3ec056480 Thread added: 0x00007fe3f43151a0
Event: 310.147 Thread 0x00007fe47c17a990 Thread added: 0x00007fe4046764f0
Event: 312.610 Thread 0x00007fe4046764f0 Thread exited: 0x00007fe4046764f0
Event: 313.459 Thread 0x00007fe3b8667790 Thread added: 0x00007fe3b8490d30


Dynamic libraries:
80000000-ba200000 rw-p 00000000 00:00 0 
ba200000-ffe00000 ---p 00000000 00:00 0 
ffe00000-ffe75000 rw-p 00c77000 08:11 7141131                            /usr/lib/jvm/java-17-openjdk-amd64/lib/server/classes.jsa
ffe75000-fff00000 rw-p 00000000 00:00 0 
fff00000-fff78000 rw-p 00bff000 08:11 7141131                            /usr/lib/jvm/java-17-openjdk-amd64/lib/server/classes.jsa
fff78000-100000000 rw-p 00000000 00:00 0 
55a3134f5000-55a3134f6000 r--p 00000000 08:11 7140977                    /usr/lib/jvm/java-17-openjdk-amd64/bin/java
55a3134f6000-55a3134f7000 r-xp 00001000 08:11 7140977                    /usr/lib/jvm/java-17-openjdk-amd64/bin/java
55a3134f7000-55a3134f8000 r--p 00002000 08:11 7140977                    /usr/lib/jvm/java-17-openjdk-amd64/bin/java
55a3134f8000-55a3134f9000 r--p 00002000 08:11 7140977                    /usr/lib/jvm/java-17-openjdk-amd64/bin/java
55a3134f9000-55a3134fa000 rw-p 00003000 08:11 7140977                    /usr/lib/jvm/java-17-openjdk-amd64/bin/java
55a3518b6000-55a3527ee000 rw-p 00000000 00:00 0                          [heap]
7fe3b4000000-7fe3b44b0000 rw-p 00000000 00:00 0 
7fe3b44b0000-7fe3b44d0000 ---p 00000000 00:00 0 
7fe3b44d0000-7fe3b4780000 rw-p 00000000 00:00 0 
7fe3b4780000-7fe3b47b0000 rw-p 00000000 00:00 0 
7fe3b47b0000-7fe3b4800000 ---p 00000000 00:00 0 
7fe3b4800000-7fe3b48f0000 rw-p 00000000 00:00 0 
7fe3b48f0000-7fe3b4920000 ---p 00000000 00:00 0 
7fe3b4920000-7fe3b4a60000 rw-p 00000000 00:00 0 
7fe3b4a60000-7fe3b8000000 ---p 00000000 00:00 0 
7fe3b8000000-7fe3b87c0000 rw-p 00000000 00:00 0 
7fe3b87c0000-7fe3bc000000 ---p 00000000 00:00 0 
7fe3bc643000-7fe3bc647000 ---p 00000000 00:00 0 
7fe3bc647000-7fe3bc744000 rw-p 00000000 00:00 0 
7fe3bc744000-7fe3bc748000 ---p 00000000 00:00 0 
7fe3bc748000-7fe3bc845000 rw-p 00000000 00:00 0 
7fe3bc845000-7fe3bc849000 ---p 00000000 00:00 0 
7fe3bc849000-7fe3bc946000 rw-p 00000000 00:00 0 
7fe3bc946000-7fe3bc94a000 ---p 00000000 00:00 0 
7fe3bc94a000-7fe3bca47000 rw-p 00000000 00:00 0 
7fe3bca47000-7fe3bcdfe000 r--s 00000000 08:11 5800689                    /home/link-lap-12/.gradle/caches/9.0.0/transforms/9823a80013a9c4f7166891279b00d5ad/transformed/output/jdkImage/lib/modules
7fe3bcdfe000-7fe3bce02000 ---p 00000000 00:00 0 
7fe3bce02000-7fe3bceff000 rw-p 00000000 00:00 0 
7fe3bceff000-7fe3bcf03000 ---p 00000000 00:00 0 
7fe3bcf03000-7fe3bd300000 rw-p 00000000 00:00 0 
7fe3bd300000-7fe3bd400000 rw-p 00000000 00:00 0 
7fe3bd400000-7fe3be1c0000 rw-p 00000000 00:00 0 
7fe3be1c0000-7fe3be200000 rw-p 00000000 00:00 0 
7fe3be200000-7fe3bea00000 rw-p 00000000 00:00 0 
7fe3bea00000-7fe3bed00000 rw-p 00000000 00:00 0 
7fe3bed00000-7fe3bee00000 rw-p 00000000 00:00 0 
7fe3bee00000-7fe3bf380000 rw-p 00000000 00:00 0 
7fe3bf380000-7fe3bf500000 rw-p 00000000 00:00 0 
7fe3bf500000-7fe3bf700000 rw-p 00000000 00:00 0 
7fe3bf700000-7fe3bf780000 rw-p 00000000 00:00 0 
7fe3bf780000-7fe3bf800000 rw-p 00000000 00:00 0 
7fe3bf800000-7fe3bfb00000 rw-p 00000000 00:00 0 
7fe3bfb00000-7fe3bfd00000 rw-p 00000000 00:00 0 
7fe3bfd00000-7fe3bfe00000 rw-p 00000000 00:00 0 
7fe3bfe00000-7fe3c0100000 rw-p 00000000 00:00 0 
7fe3c0100000-7fe3c0200000 rw-p 00000000 00:00 0 
7fe3c0200000-7fe3c1000000 rw-p 00000000 00:00 0 
7fe3c10f6000-7fe3c10fa000 ---p 00000000 00:00 0 
7fe3c10fa000-7fe3c11f7000 rw-p 00000000 00:00 0 
7fe3c11f7000-7fe3c11fb000 ---p 00000000 00:00 0 
7fe3c11fb000-7fe3c12f8000 rw-p 00000000 00:00 0 
7fe3c12f8000-7fe3c12fc000 ---p 00000000 00:00 0 
7fe3c12fc000-7fe3c13f9000 rw-p 00000000 00:00 0 
7fe3c13f9000-7fe3c13fd000 ---p 00000000 00:00 0 
7fe3c13fd000-7fe3c14fa000 rw-p 00000000 00:00 0 
7fe3c14fa000-7fe3c14fe000 ---p 00000000 00:00 0 
7fe3c14fe000-7fe3c15fb000 rw-p 00000000 00:00 0 
7fe3c15fb000-7fe3c15ff000 ---p 00000000 00:00 0 
7fe3c15ff000-7fe3c16fc000 rw-p 00000000 00:00 0 
7fe3c16fc000-7fe3c1700000 ---p 00000000 00:00 0 
7fe3c1700000-7fe3c17fd000 rw-p 00000000 00:00 0 
7fe3c17fd000-7fe3c1801000 ---p 00000000 00:00 0 
7fe3c1801000-7fe3c18fe000 rw-p 00000000 00:00 0 
7fe3c18fe000-7fe3c1902000 ---p 00000000 00:00 0 
7fe3c1902000-7fe3c19ff000 rw-p 00000000 00:00 0 
7fe3c19ff000-7fe3c1a03000 ---p 00000000 00:00 0 
7fe3c1a03000-7fe3c1b00000 rw-p 00000000 00:00 0 
7fe3c1b00000-7fe3c1b04000 ---p 00000000 00:00 0 
7fe3c1b04000-7fe3c1c01000 rw-p 00000000 00:00 0 
7fe3c1c01000-7fe3c1c05000 ---p 00000000 00:00 0 
7fe3c1c05000-7fe3c1d02000 rw-p 00000000 00:00 0 
7fe3c1d02000-7fe3c1d06000 ---p 00000000 00:00 0 
7fe3c1d06000-7fe3c1e03000 rw-p 00000000 00:00 0 
7fe3c1e03000-7fe3c1e07000 ---p 00000000 00:00 0 
7fe3c1e07000-7fe3c1f04000 rw-p 00000000 00:00 0 
7fe3c1f04000-7fe3c1f08000 ---p 00000000 00:00 0 
7fe3c1f08000-7fe3c2005000 rw-p 00000000 00:00 0 
7fe3c2005000-7fe3c2009000 ---p 00000000 00:00 0 
7fe3c2009000-7fe3c2106000 rw-p 00000000 00:00 0 
7fe3c2106000-7fe3c210a000 ---p 00000000 00:00 0 
7fe3c210a000-7fe3c2207000 rw-p 00000000 00:00 0 
7fe3c2207000-7fe3c220b000 ---p 00000000 00:00 0 
7fe3c220b000-7fe3c2308000 rw-p 00000000 00:00 0 
7fe3c2308000-7fe3c230c000 ---p 00000000 00:00 0 
7fe3c230c000-7fe3c2409000 rw-p 00000000 00:00 0 
7fe3c2409000-7fe3c240d000 ---p 00000000 00:00 0 
7fe3c240d000-7fe3c250a000 rw-p 00000000 00:00 0 
7fe3c250a000-7fe3c250e000 ---p 00000000 00:00 0 
7fe3c250e000-7fe3c260b000 rw-p 00000000 00:00 0 
7fe3c260b000-7fe3c260f000 ---p 00000000 00:00 0 
7fe3c260f000-7fe3c270c000 rw-p 00000000 00:00 0 
7fe3c270c000-7fe3c2710000 ---p 00000000 00:00 0 
7fe3c2710000-7fe3c280d000 rw-p 00000000 00:00 0 
7fe3c280d000-7fe3c2811000 ---p 00000000 00:00 0 
7fe3c2811000-7fe3c290e000 rw-p 00000000 00:00 0 
7fe3c290e000-7fe3c2912000 ---p 00000000 00:00 0 
7fe3c2912000-7fe3c2a0f000 rw-p 00000000 00:00 0 
7fe3c2a0f000-7fe3c2a13000 ---p 00000000 00:00 0 
7fe3c2a13000-7fe3c2b10000 rw-p 00000000 00:00 0 
7fe3c2b10000-7fe3c2b14000 ---p 00000000 00:00 0 
7fe3c2b14000-7fe3c2c11000 rw-p 00000000 00:00 0 
7fe3c2c11000-7fe3c2c15000 ---p 00000000 00:00 0 
7fe3c2c15000-7fe3c2d12000 rw-p 00000000 00:00 0 
7fe3c2d12000-7fe3c2d16000 ---p 00000000 00:00 0 
7fe3c2d16000-7fe3c2e13000 rw-p 00000000 00:00 0 
7fe3c2eef000-7fe3c2ef3000 ---p 00000000 00:00 0 
7fe3c2ef3000-7fe3c2ff0000 rw-p 00000000 00:00 0 
7fe3c2ff0000-7fe3c2ff4000 ---p 00000000 00:00 0 
7fe3c2ff4000-7fe3c30f1000 rw-p 00000000 00:00 0 
7fe3c30f1000-7fe3c30f5000 ---p 00000000 00:00 0 
7fe3c30f5000-7fe3c31f2000 rw-p 00000000 00:00 0 
7fe3c31f2000-7fe3c31f6000 ---p 00000000 00:00 0 
7fe3c31f6000-7fe3c32f3000 rw-p 00000000 00:00 0 
7fe3c32f3000-7fe3c32f7000 ---p 00000000 00:00 0 
7fe3c32f7000-7fe3c33f4000 rw-p 00000000 00:00 0 
7fe3c33f4000-7fe3c33f8000 ---p 00000000 00:00 0 
7fe3c33f8000-7fe3c34f5000 rw-p 00000000 00:00 0 
7fe3c34f5000-7fe3c34f9000 ---p 00000000 00:00 0 
7fe3c34f9000-7fe3c35f6000 rw-p 00000000 00:00 0 
7fe3c35f6000-7fe3c35fa000 ---p 00000000 00:00 0 
7fe3c35fa000-7fe3c36f7000 rw-p 00000000 00:00 0 
7fe3c36f7000-7fe3c36fb000 ---p 00000000 00:00 0 
7fe3c36fb000-7fe3c37f8000 rw-p 00000000 00:00 0 
7fe3c37f8000-7fe3c37fc000 ---p 00000000 00:00 0 
7fe3c37fc000-7fe3c38f9000 rw-p 00000000 00:00 0 
7fe3c38f9000-7fe3c38fd000 ---p 00000000 00:00 0 
7fe3c38fd000-7fe3c39fa000 rw-p 00000000 00:00 0 
7fe3c39fa000-7fe3c39fe000 ---p 00000000 00:00 0 
7fe3c39fe000-7fe3c3afb000 rw-p 00000000 00:00 0 
7fe3c3afb000-7fe3c3aff000 ---p 00000000 00:00 0 
7fe3c3aff000-7fe3c3bfc000 rw-p 00000000 00:00 0 
7fe3c3bfc000-7fe3c3c00000 ---p 00000000 00:00 0 
7fe3c3c00000-7fe3c3cfd000 rw-p 00000000 00:00 0 
7fe3c3cfd000-7fe3c3d01000 ---p 00000000 00:00 0 
7fe3c3d01000-7fe3c3dfe000 rw-p 00000000 00:00 0 
7fe3c3dfe000-7fe3c3e02000 ---p 00000000 00:00 0 
7fe3c3e02000-7fe3c3eff000 rw-p 00000000 00:00 0 
7fe3c3eff000-7fe3c3f03000 ---p 00000000 00:00 0 
7fe3c3f03000-7fe3c4000000 rw-p 00000000 00:00 0 
7fe3c4000000-7fe3c47ad000 rw-p 00000000 00:00 0 
7fe3c47ad000-7fe3c8000000 ---p 00000000 00:00 0 
7fe3c8000000-7fe3c86fb000 rw-p 00000000 00:00 0 
7fe3c86fb000-7fe3cc000000 ---p 00000000 00:00 0 
7fe3cc000000-7fe3cffff000 rw-p 00000000 00:00 0 
7fe3cffff000-7fe3d0000000 ---p 00000000 00:00 0 
7fe3d0000000-7fe3d1198000 rw-p 00000000 00:00 0 
7fe3d1198000-7fe3d4000000 ---p 00000000 00:00 0 
7fe3d4000000-7fe3d4098000 rw-p 00000000 00:00 0 
7fe3d4098000-7fe3d8000000 ---p 00000000 00:00 0 
7fe3d8000000-7fe3d805b000 rw-p 00000000 00:00 0 
7fe3d805b000-7fe3dc000000 ---p 00000000 00:00 0 
7fe3dc000000-7fe3dc0c3000 rw-p 00000000 00:00 0 
7fe3dc0c3000-7fe3e0000000 ---p 00000000 00:00 0 
7fe3e0000000-7fe3e016d000 rw-p 00000000 00:00 0 
7fe3e016d000-7fe3e4000000 ---p 00000000 00:00 0 
7fe3e4000000-7fe3e409b000 rw-p 00000000 00:00 0 
7fe3e409b000-7fe3e8000000 ---p 00000000 00:00 0 
7fe3e8000000-7fe3e80ed000 rw-p 00000000 00:00 0 
7fe3e80ed000-7fe3ec000000 ---p 00000000 00:00 0 
7fe3ec000000-7fe3ec5f0000 rw-p 00000000 00:00 0 
7fe3ec5f0000-7fe3f0000000 ---p 00000000 00:00 0 
7fe3f0000000-7fe3f138f000 rw-p 00000000 00:00 0 
7fe3f138f000-7fe3f4000000 ---p 00000000 00:00 0 
7fe3f4000000-7fe3f4693000 rw-p 00000000 00:00 0 
7fe3f4693000-7fe3f8000000 ---p 00000000 00:00 0 
7fe3f8000000-7fe3f8465000 rw-p 00000000 00:00 0 
7fe3f8465000-7fe3fc000000 ---p 00000000 00:00 0 
7fe3fc000000-7fe3fc385000 rw-p 00000000 00:00 0 
7fe3fc385000-7fe400000000 ---p 00000000 00:00 0 
7fe400000000-7fe4004f1000 rw-p 00000000 00:00 0 
7fe4004f1000-7fe404000000 ---p 00000000 00:00 0 
7fe404000000-7fe405fb3000 rw-p 00000000 00:00 0 
7fe405fb3000-7fe408000000 ---p 00000000 00:00 0 
7fe408000000-7fe40812e000 rw-p 00000000 00:00 0 
7fe40812e000-7fe40c000000 ---p 00000000 00:00 0 
7fe40c000000-7fe40ccee000 rw-p 00000000 00:00 0 
7fe40ccee000-7fe410000000 ---p 00000000 00:00 0 
7fe410000000-7fe412271000 rw-p 00000000 00:00 0 
7fe412271000-7fe414000000 ---p 00000000 00:00 0 
7fe414000000-7fe414eda000 rw-p 00000000 00:00 0 
7fe414eda000-7fe418000000 ---p 00000000 00:00 0 
7fe418000000-7fe41893a000 rw-p 00000000 00:00 0 
7fe41893a000-7fe41c000000 ---p 00000000 00:00 0 
7fe41c000000-7fe41c239000 rw-p 00000000 00:00 0 
7fe41c239000-7fe420000000 ---p 00000000 00:00 0 
7fe420000000-7fe42009e000 rw-p 00000000 00:00 0 
7fe42009e000-7fe424000000 ---p 00000000 00:00 0 
7fe424000000-7fe424208000 rw-p 00000000 00:00 0 
7fe424208000-7fe428000000 ---p 00000000 00:00 0 
7fe4280f1000-7fe4280f5000 ---p 00000000 00:00 0 
7fe4280f5000-7fe4281f2000 rw-p 00000000 00:00 0 
7fe4281f2000-7fe4281f6000 ---p 00000000 00:00 0 
7fe4281f6000-7fe4282f3000 rw-p 00000000 00:00 0 
7fe4282f3000-7fe4282f7000 ---p 00000000 00:00 0 
7fe4282f7000-7fe4283f4000 rw-p 00000000 00:00 0 
7fe4283f4000-7fe4283f8000 ---p 00000000 00:00 0 
7fe4283f8000-7fe4284f5000 rw-p 00000000 00:00 0 
7fe4284f5000-7fe4284f9000 ---p 00000000 00:00 0 
7fe4284f9000-7fe4285f6000 rw-p 00000000 00:00 0 
7fe4285f6000-7fe4285fa000 ---p 00000000 00:00 0 
7fe4285fa000-7fe4286f7000 rw-p 00000000 00:00 0 
7fe4286f7000-7fe4286fb000 ---p 00000000 00:00 0 
7fe4286fb000-7fe4287f8000 rw-p 00000000 00:00 0 
7fe4287f8000-7fe4287fc000 ---p 00000000 00:00 0 
7fe4287fc000-7fe4288f9000 rw-p 00000000 00:00 0 
7fe4288f9000-7fe4288fd000 ---p 00000000 00:00 0 
7fe4288fd000-7fe4289fa000 rw-p 00000000 00:00 0 
7fe4289fa000-7fe4289fe000 ---p 00000000 00:00 0 
7fe4289fe000-7fe428afb000 rw-p 00000000 00:00 0 
7fe428afb000-7fe428aff000 ---p 00000000 00:00 0 
7fe428aff000-7fe428bfc000 rw-p 00000000 00:00 0 
7fe428bfc000-7fe428c00000 ---p 00000000 00:00 0 
7fe428c00000-7fe428cfd000 rw-p 00000000 00:00 0 
7fe428cfd000-7fe428d01000 ---p 00000000 00:00 0 
7fe428d01000-7fe428dfe000 rw-p 00000000 00:00 0 
7fe428dfe000-7fe428e02000 ---p 00000000 00:00 0 
7fe428e02000-7fe428eff000 rw-p 00000000 00:00 0 
7fe428eff000-7fe428f03000 ---p 00000000 00:00 0 
7fe428f03000-7fe429000000 rw-p 00000000 00:00 0 
7fe429000000-7fe429bc7000 rw-p 00001000 08:11 7141131                    /usr/lib/jvm/java-17-openjdk-amd64/lib/server/classes.jsa
7fe429bc7000-7fe42a000000 ---p 00000000 00:00 0 
7fe42a000000-7fe42a040000 rw-p 00000000 00:00 0 
7fe42a040000-7fe42a080000 rw-p 00000000 00:00 0 
7fe42a080000-7fe42a140000 rw-p 00000000 00:00 0 
7fe42a140000-7fe42a180000 rw-p 00000000 00:00 0 
7fe42a180000-7fe42a640000 rw-p 00000000 00:00 0 
7fe42a640000-7fe42a680000 rw-p 00000000 00:00 0 
7fe42a680000-7fe42ace0000 rw-p 00000000 00:00 0 
7fe42ace0000-7fe42ad00000 rw-p 00000000 00:00 0 
7fe42ad00000-7fe42b000000 rw-p 00000000 00:00 0 
7fe42b000000-7fe42b140000 rw-p 00000000 00:00 0 
7fe42b140000-7fe42b440000 rw-p 00000000 00:00 0 
7fe42b440000-7fe42b460000 rw-p 00000000 00:00 0 
7fe42b460000-7fe42b480000 ---p 00000000 00:00 0 
7fe42b480000-7fe42b5f0000 rw-p 00000000 00:00 0 
7fe42b5f0000-7fe444000000 ---p 00000000 00:00 0 
7fe444000000-7fe4440f7000 rw-p 00000000 00:00 0 
7fe4440f7000-7fe448000000 ---p 00000000 00:00 0 
7fe448000000-7fe448400000 rw-p 00000000 00:00 0 
7fe448400000-7fe4487e0000 rw-p 00000000 00:00 0 
7fe4487e0000-7fe448900000 rw-p 00000000 00:00 0 
7fe448900000-7fe448a00000 rw-p 00000000 00:00 0 
7fe448a00000-7fe449700000 rw-p 00000000 00:00 0 
7fe449700000-7fe449800000 rw-p 00000000 00:00 0 
7fe449800000-7fe449d00000 rw-p 00000000 00:00 0 
7fe449d00000-7fe449e00000 rw-p 00000000 00:00 0 
7fe449e00000-7fe44ac00000 rw-p 00000000 00:00 0 
7fe44ac00000-7fe44ad00000 rw-p 00000000 00:00 0 
7fe44ad00000-7fe44ae00000 rw-p 00000000 00:00 0 
7fe44ae00000-7fe44b180000 rw-p 00000000 00:00 0 
7fe44b180000-7fe44b200000 rw-p 00000000 00:00 0 
7fe44b200000-7fe44b900000 rw-p 00000000 00:00 0 
7fe44b900000-7fe44ba00000 rw-p 00000000 00:00 0 
7fe44ba00000-7fe44c000000 rw-p 00000000 00:00 0 
7fe44c000000-7fe44c2a7000 rw-p 00000000 00:00 0 
7fe44c2a7000-7fe450000000 ---p 00000000 00:00 0 
7fe4500e1000-7fe4500e5000 ---p 00000000 00:00 0 
7fe4500e5000-7fe4501e2000 rw-p 00000000 00:00 0 
7fe4501e2000-7fe4501e6000 ---p 00000000 00:00 0 
7fe4501e6000-7fe4502e3000 rw-p 00000000 00:00 0 
7fe4502e3000-7fe4502e7000 ---p 00000000 00:00 0 
7fe4502e7000-7fe4503e4000 rw-p 00000000 00:00 0 
7fe4503e4000-7fe4503e8000 ---p 00000000 00:00 0 
7fe4503e8000-7fe4504e5000 rw-p 00000000 00:00 0 
7fe4504e5000-7fe4504e9000 ---p 00000000 00:00 0 
7fe4504e9000-7fe4505e6000 rw-p 00000000 00:00 0 
7fe4505e6000-7fe4505ea000 ---p 00000000 00:00 0 
7fe4505ea000-7fe4506e7000 rw-p 00000000 00:00 0 
7fe4506e7000-7fe4506eb000 ---p 00000000 00:00 0 
7fe4506eb000-7fe4507e8000 rw-p 00000000 00:00 0 
7fe4507e8000-7fe4507ec000 ---p 00000000 00:00 0 
7fe4507ec000-7fe4508e9000 rw-p 00000000 00:00 0 
7fe4508e9000-7fe4508ed000 ---p 00000000 00:00 0 
7fe4508ed000-7fe4509ea000 rw-p 00000000 00:00 0 
7fe4509ea000-7fe4509ee000 ---p 00000000 00:00 0 
7fe4509ee000-7fe450aeb000 rw-p 00000000 00:00 0 
7fe450aeb000-7fe450aec000 ---p 00000000 00:00 0 
7fe450aec000-7fe450bec000 rw-p 00000000 00:00 0 
7fe450bec000-7fe450bed000 ---p 00000000 00:00 0 
7fe450bed000-7fe450ced000 rw-p 00000000 00:00 0 
7fe450ced000-7fe450cf1000 ---p 00000000 00:00 0 
7fe450cf1000-7fe450dee000 rw-p 00000000 00:00 0 
7fe450dee000-7fe450df2000 ---p 00000000 00:00 0 
7fe450df2000-7fe450eef000 rw-p 00000000 00:00 0 
7fe450eef000-7fe450ef3000 ---p 00000000 00:00 0 
7fe450ef3000-7fe450ff0000 rw-p 00000000 00:00 0 
7fe450ff0000-7fe450ff4000 ---p 00000000 00:00 0 
7fe450ff4000-7fe4510f1000 rw-p 00000000 00:00 0 
7fe4510f1000-7fe4510f5000 ---p 00000000 00:00 0 
7fe4510f5000-7fe4511f2000 rw-p 00000000 00:00 0 
7fe4511f2000-7fe4511f6000 ---p 00000000 00:00 0 
7fe4511f6000-7fe4512f3000 rw-p 00000000 00:00 0 
7fe4512f3000-7fe4512f7000 ---p 00000000 00:00 0 
7fe4512f7000-7fe4513f4000 rw-p 00000000 00:00 0 
7fe4513f4000-7fe4513f8000 ---p 00000000 00:00 0 
7fe4513f8000-7fe4514f5000 rw-p 00000000 00:00 0 
7fe4514f5000-7fe4514f9000 ---p 00000000 00:00 0 
7fe4514f9000-7fe4515f6000 rw-p 00000000 00:00 0 
7fe4515f6000-7fe4515fa000 ---p 00000000 00:00 0 
7fe4515fa000-7fe4516f7000 rw-p 00000000 00:00 0 
7fe4516f7000-7fe4516fb000 ---p 00000000 00:00 0 
7fe4516fb000-7fe4517f8000 rw-p 00000000 00:00 0 
7fe4517f8000-7fe4517fc000 ---p 00000000 00:00 0 
7fe4517fc000-7fe4518f9000 rw-p 00000000 00:00 0 
7fe4518f9000-7fe4518fd000 ---p 00000000 00:00 0 
7fe4518fd000-7fe4519fa000 rw-p 00000000 00:00 0 
7fe4519fa000-7fe4519fe000 ---p 00000000 00:00 0 
7fe4519fe000-7fe451afb000 rw-p 00000000 00:00 0 
7fe451afb000-7fe451aff000 ---p 00000000 00:00 0 
7fe451aff000-7fe451bfc000 rw-p 00000000 00:00 0 
7fe451bfc000-7fe451c00000 ---p 00000000 00:00 0 
7fe451c00000-7fe451cfd000 rw-p 00000000 00:00 0 
7fe451cfd000-7fe451d01000 ---p 00000000 00:00 0 
7fe451d01000-7fe451dfe000 rw-p 00000000 00:00 0 
7fe451dfe000-7fe451e02000 ---p 00000000 00:00 0 
7fe451e02000-7fe451eff000 rw-p 00000000 00:00 0 
7fe451eff000-7fe451f03000 ---p 00000000 00:00 0 
7fe451f03000-7fe454000000 rw-p 00000000 00:00 0 
7fe454000000-7fe4542dd000 rw-p 00000000 00:00 0 
7fe4542dd000-7fe458000000 ---p 00000000 00:00 0 
7fe458000000-7fe458219000 rw-p 00000000 00:00 0 
7fe458219000-7fe45c000000 ---p 00000000 00:00 0 
7fe45c000000-7fe45c833000 rw-p 00000000 00:00 0 
7fe45c833000-7fe460000000 ---p 00000000 00:00 0 
7fe460046000-7fe46004a000 ---p 00000000 00:00 0 
7fe46004a000-7fe460068000 rw-p 00000000 00:00 0 
7fe460068000-7fe460069000 r--p 00000000 08:11 6820714                    /usr/lib/x86_64-linux-gnu/libnss_dns-2.31.so
7fe460069000-7fe46006d000 r-xp 00001000 08:11 6820714                    /usr/lib/x86_64-linux-gnu/libnss_dns-2.31.so
7fe46006d000-7fe46006e000 r--p 00005000 08:11 6820714                    /usr/lib/x86_64-linux-gnu/libnss_dns-2.31.so
7fe46006e000-7fe46006f000 r--p 00005000 08:11 6820714                    /usr/lib/x86_64-linux-gnu/libnss_dns-2.31.so
7fe46006f000-7fe460070000 rw-p 00006000 08:11 6820714                    /usr/lib/x86_64-linux-gnu/libnss_dns-2.31.so
7fe460070000-7fe460074000 r--p 00000000 08:11 6821852                    /usr/lib/x86_64-linux-gnu/libresolv-2.31.so
7fe460074000-7fe460084000 r-xp 00004000 08:11 6821852                    /usr/lib/x86_64-linux-gnu/libresolv-2.31.so
7fe460084000-7fe460088000 r--p 00014000 08:11 6821852                    /usr/lib/x86_64-linux-gnu/libresolv-2.31.so
7fe460088000-7fe460089000 r--p 00017000 08:11 6821852                    /usr/lib/x86_64-linux-gnu/libresolv-2.31.so
7fe460089000-7fe46008a000 rw-p 00018000 08:11 6821852                    /usr/lib/x86_64-linux-gnu/libresolv-2.31.so
7fe46008a000-7fe46008c000 rw-p 00000000 00:00 0 
7fe46008c000-7fe46008d000 r--p 00000000 08:11 6823941                    /usr/lib/x86_64-linux-gnu/libnss_mdns4_minimal.so.2
7fe46008d000-7fe46008f000 r-xp 00001000 08:11 6823941                    /usr/lib/x86_64-linux-gnu/libnss_mdns4_minimal.so.2
7fe46008f000-7fe460090000 r--p 00003000 08:11 6823941                    /usr/lib/x86_64-linux-gnu/libnss_mdns4_minimal.so.2
7fe460090000-7fe460091000 r--p 00003000 08:11 6823941                    /usr/lib/x86_64-linux-gnu/libnss_mdns4_minimal.so.2
7fe460091000-7fe460092000 rw-p 00004000 08:11 6823941                    /usr/lib/x86_64-linux-gnu/libnss_mdns4_minimal.so.2
7fe4600a1000-7fe4600a2000 r--p 00000000 08:11 7141122                    /usr/lib/jvm/java-17-openjdk-amd64/lib/librmi.so
7fe4600a2000-7fe4600a3000 r-xp 00001000 08:11 7141122                    /usr/lib/jvm/java-17-openjdk-amd64/lib/librmi.so
7fe4600a3000-7fe4600a4000 r--p 00002000 08:11 7141122                    /usr/lib/jvm/java-17-openjdk-amd64/lib/librmi.so
7fe4600a4000-7fe4600a5000 r--p 00002000 08:11 7141122                    /usr/lib/jvm/java-17-openjdk-amd64/lib/librmi.so
7fe4600a5000-7fe4600a6000 rw-p 00003000 08:11 7141122                    /usr/lib/jvm/java-17-openjdk-amd64/lib/librmi.so
7fe4600a6000-7fe4600aa000 ---p 00000000 00:00 0 
7fe4600aa000-7fe4600c8000 rw-p 00000000 00:00 0 
7fe4600c8000-7fe4600cd000 r-xp 00000000 08:11 5636820                    /home/link-lap-12/.gradle/native/1def1411415f61bf3af743bc5b6707747c0891f09f0c88961ee8f79bc544acac/linux-amd64/libnative-platform.so
7fe4600cd000-7fe4602cd000 ---p 00005000 08:11 5636820                    /home/link-lap-12/.gradle/native/1def1411415f61bf3af743bc5b6707747c0891f09f0c88961ee8f79bc544acac/linux-amd64/libnative-platform.so
7fe4602cd000-7fe4602ce000 r--p 00005000 08:11 5636820                    /home/link-lap-12/.gradle/native/1def1411415f61bf3af743bc5b6707747c0891f09f0c88961ee8f79bc544acac/linux-amd64/libnative-platform.so
7fe4602ce000-7fe4602cf000 rw-p 00006000 08:11 5636820                    /home/link-lap-12/.gradle/native/1def1411415f61bf3af743bc5b6707747c0891f09f0c88961ee8f79bc544acac/linux-amd64/libnative-platform.so
7fe4602cf000-7fe4602d0000 ---p 00000000 00:00 0 
7fe4602d0000-7fe4603d0000 rw-p 00000000 00:00 0 
7fe4603d0000-7fe4603d1000 ---p 00000000 00:00 0 
7fe4603d1000-7fe4604d1000 rw-p 00000000 00:00 0 
7fe4604d1000-7fe4604d2000 ---p 00000000 00:00 0 
7fe4604d2000-7fe4605d2000 rw-p 00000000 00:00 0 
7fe4605d2000-7fe4605d6000 ---p 00000000 00:00 0 
7fe4605d6000-7fe4606d3000 rw-p 00000000 00:00 0 
7fe4606d3000-7fe4606d4000 ---p 00000000 00:00 0 
7fe4606d4000-7fe4607d4000 rw-p 00000000 00:00 0 
7fe4607d4000-7fe4607d8000 ---p 00000000 00:00 0 
7fe4607d8000-7fe4608d5000 rw-p 00000000 00:00 0 
7fe4608d5000-7fe4608d9000 ---p 00000000 00:00 0 
7fe4608d9000-7fe4609d6000 rw-p 00000000 00:00 0 
7fe4609d6000-7fe4609da000 ---p 00000000 00:00 0 
7fe4609da000-7fe460ad7000 rw-p 00000000 00:00 0 
7fe460ad7000-7fe460adb000 ---p 00000000 00:00 0 
7fe460adb000-7fe460bd8000 rw-p 00000000 00:00 0 
7fe460bd8000-7fe460bdc000 ---p 00000000 00:00 0 
7fe460bdc000-7fe460cd9000 rw-p 00000000 00:00 0 
7fe460cd9000-7fe460cdd000 ---p 00000000 00:00 0 
7fe460cdd000-7fe460dda000 rw-p 00000000 00:00 0 
7fe460dda000-7fe460dde000 ---p 00000000 00:00 0 
7fe460dde000-7fe460edb000 rw-p 00000000 00:00 0 
7fe460edb000-7fe460edf000 ---p 00000000 00:00 0 
7fe460edf000-7fe460fdc000 rw-p 00000000 00:00 0 
7fe460fdc000-7fe46154c000 r--p 00000000 08:11 6818856                    /usr/lib/locale/locale-archive
7fe46154c000-7fe4623d4000 rw-p 00000000 00:00 0 
7fe4623d4000-7fe463544000 ---p 00000000 00:00 0 
7fe463544000-7fe4643d4000 rw-p 00000000 00:00 0 
7fe4643d4000-7fe465544000 ---p 00000000 00:00 0 
7fe465544000-7fe46554c000 rw-p 00000000 00:00 0 
7fe46554c000-7fe46854c000 rwxp 00000000 00:00 0 
7fe46854c000-7fe46ca83000 ---p 00000000 00:00 0 
7fe46ca83000-7fe46cd33000 rwxp 00000000 00:00 0 
7fe46cd33000-7fe46d014000 ---p 00000000 00:00 0 
7fe46d014000-7fe46e134000 rwxp 00000000 00:00 0 
7fe46e134000-7fe47454c000 ---p 00000000 00:00 0 
7fe47454c000-7fe47c000000 r--s 00000000 08:11 7141128                    /usr/lib/jvm/java-17-openjdk-amd64/lib/modules
7fe47c000000-7fe47d69c000 rw-p 00000000 00:00 0 
7fe47d69c000-7fe480000000 ---p 00000000 00:00 0 
7fe480000000-7fe480007000 r--s 00000000 08:11 7472730                    /usr/lib/x86_64-linux-gnu/gconv/gconv-modules.cache
7fe480007000-7fe480009000 r--p 00000000 08:11 7141117                    /usr/lib/jvm/java-17-openjdk-amd64/lib/libmanagement_ext.so
7fe480009000-7fe48000c000 r-xp 00002000 08:11 7141117                    /usr/lib/jvm/java-17-openjdk-amd64/lib/libmanagement_ext.so
7fe48000c000-7fe48000e000 r--p 00005000 08:11 7141117                    /usr/lib/jvm/java-17-openjdk-amd64/lib/libmanagement_ext.so
7fe48000e000-7fe48000f000 r--p 00006000 08:11 7141117                    /usr/lib/jvm/java-17-openjdk-amd64/lib/libmanagement_ext.so
7fe48000f000-7fe480010000 rw-p 00007000 08:11 7141117                    /usr/lib/jvm/java-17-openjdk-amd64/lib/libmanagement_ext.so
7fe480010000-7fe48004c000 r--p 00000000 08:11 5636843                    /home/link-lap-12/.gradle/native/0.2.8/x86_64-linux-gnu/libgradle-fileevents.so
7fe48004c000-7fe480094000 r-xp 0003b000 08:11 5636843                    /home/link-lap-12/.gradle/native/0.2.8/x86_64-linux-gnu/libgradle-fileevents.so
7fe480094000-7fe48009d000 r--p 00082000 08:11 5636843                    /home/link-lap-12/.gradle/native/0.2.8/x86_64-linux-gnu/libgradle-fileevents.so
7fe48009d000-7fe48009e000 rw-p 0008a000 08:11 5636843                    /home/link-lap-12/.gradle/native/0.2.8/x86_64-linux-gnu/libgradle-fileevents.so
7fe48009e000-7fe4800a0000 rw-p 00000000 00:00 0 
7fe4800a0000-7fe4800a4000 r--p 00000000 08:11 7141119                    /usr/lib/jvm/java-17-openjdk-amd64/lib/libnet.so
7fe4800a4000-7fe4800b2000 r-xp 00004000 08:11 7141119                    /usr/lib/jvm/java-17-openjdk-amd64/lib/libnet.so
7fe4800b2000-7fe4800b6000 r--p 00012000 08:11 7141119                    /usr/lib/jvm/java-17-openjdk-amd64/lib/libnet.so
7fe4800b6000-7fe4800b7000 r--p 00015000 08:11 7141119                    /usr/lib/jvm/java-17-openjdk-amd64/lib/libnet.so
7fe4800b7000-7fe4800b8000 rw-p 00016000 08:11 7141119                    /usr/lib/jvm/java-17-openjdk-amd64/lib/libnet.so
7fe4800b8000-7fe4800bc000 ---p 00000000 00:00 0 
7fe4800bc000-7fe4801b9000 rw-p 00000000 00:00 0 
7fe4801b9000-7fe4801bd000 ---p 00000000 00:00 0 
7fe4801bd000-7fe4802ba000 rw-p 00000000 00:00 0 
7fe4802ba000-7fe4802bb000 ---p 00000000 00:00 0 
7fe4802bb000-7fe4803bb000 rw-p 00000000 00:00 0 
7fe4803bb000-7fe4803c0000 r--p 00000000 08:11 7141113                    /usr/lib/jvm/java-17-openjdk-amd64/lib/libjsvml.so
7fe4803c0000-7fe480401000 r-xp 00005000 08:11 7141113                    /usr/lib/jvm/java-17-openjdk-amd64/lib/libjsvml.so
7fe480401000-7fe48048a000 r--p 00046000 08:11 7141113                    /usr/lib/jvm/java-17-openjdk-amd64/lib/libjsvml.so
7fe48048a000-7fe48048b000 r--p 000ce000 08:11 7141113                    /usr/lib/jvm/java-17-openjdk-amd64/lib/libjsvml.so
7fe48048b000-7fe48048c000 rw-p 000cf000 08:11 7141113                    /usr/lib/jvm/java-17-openjdk-amd64/lib/libjsvml.so
7fe48048c000-7fe4805a9000 rw-p 00000000 00:00 0 
7fe4805a9000-7fe4805aa000 r--p 00000000 08:11 7141099                    /usr/lib/jvm/java-17-openjdk-amd64/lib/libextnet.so
7fe4805aa000-7fe4805ab000 r-xp 00001000 08:11 7141099                    /usr/lib/jvm/java-17-openjdk-amd64/lib/libextnet.so
7fe4805ab000-7fe4805ac000 r--p 00002000 08:11 7141099                    /usr/lib/jvm/java-17-openjdk-amd64/lib/libextnet.so
7fe4805ac000-7fe4805ad000 r--p 00002000 08:11 7141099                    /usr/lib/jvm/java-17-openjdk-amd64/lib/libextnet.so
7fe4805ad000-7fe4805ae000 rw-p 00003000 08:11 7141099                    /usr/lib/jvm/java-17-openjdk-amd64/lib/libextnet.so
7fe4805ae000-7fe4805b2000 r--p 00000000 08:11 7141126                    /usr/lib/jvm/java-17-openjdk-amd64/lib/libverify.so
7fe4805b2000-7fe4805b9000 r-xp 00004000 08:11 7141126                    /usr/lib/jvm/java-17-openjdk-amd64/lib/libverify.so
7fe4805b9000-7fe4805bb000 r--p 0000b000 08:11 7141126                    /usr/lib/jvm/java-17-openjdk-amd64/lib/libverify.so
7fe4805bb000-7fe4805bd000 r--p 0000c000 08:11 7141126                    /usr/lib/jvm/java-17-openjdk-amd64/lib/libverify.so
7fe4805bd000-7fe4805be000 rw-p 0000e000 08:11 7141126                    /usr/lib/jvm/java-17-openjdk-amd64/lib/libverify.so
7fe4805be000-7fe4805c5000 r--p 00000000 08:11 7141120                    /usr/lib/jvm/java-17-openjdk-amd64/lib/libnio.so
7fe4805c5000-7fe4805ce000 r-xp 00007000 08:11 7141120                    /usr/lib/jvm/java-17-openjdk-amd64/lib/libnio.so
7fe4805ce000-7fe4805d2000 r--p 00010000 08:11 7141120                    /usr/lib/jvm/java-17-openjdk-amd64/lib/libnio.so
7fe4805d2000-7fe4805d3000 ---p 00014000 08:11 7141120                    /usr/lib/jvm/java-17-openjdk-amd64/lib/libnio.so
7fe4805d3000-7fe4805d4000 r--p 00014000 08:11 7141120                    /usr/lib/jvm/java-17-openjdk-amd64/lib/libnio.so
7fe4805d4000-7fe4805d5000 rw-p 00015000 08:11 7141120                    /usr/lib/jvm/java-17-openjdk-amd64/lib/libnio.so
7fe4805d5000-7fe4805d7000 r--p 00000000 08:11 7141127                    /usr/lib/jvm/java-17-openjdk-amd64/lib/libzip.so
7fe4805d7000-7fe4805dc000 r-xp 00002000 08:11 7141127                    /usr/lib/jvm/java-17-openjdk-amd64/lib/libzip.so
7fe4805dc000-7fe4805de000 r--p 00007000 08:11 7141127                    /usr/lib/jvm/java-17-openjdk-amd64/lib/libzip.so
7fe4805de000-7fe4805df000 r--p 00008000 08:11 7141127                    /usr/lib/jvm/java-17-openjdk-amd64/lib/libzip.so
7fe4805df000-7fe4805e0000 rw-p 00009000 08:11 7141127                    /usr/lib/jvm/java-17-openjdk-amd64/lib/libzip.so
7fe4805e0000-7fe4805e1000 ---p 00000000 00:00 0 
7fe4805e1000-7fe4806e1000 rw-p 00000000 00:00 0 
7fe4806e1000-7fe4806e2000 ---p 00000000 00:00 0 
7fe4806e2000-7fe480be6000 rw-p 00000000 00:00 0 
7fe480be6000-7fe480be7000 ---p 00000000 00:00 0 
7fe480be7000-7fe480ce7000 rw-p 00000000 00:00 0 
7fe480ce7000-7fe480ce8000 ---p 00000000 00:00 0 
7fe480ce8000-7fe480de8000 rw-p 00000000 00:00 0 
7fe480de8000-7fe480de9000 ---p 00000000 00:00 0 
7fe480de9000-7fe4810ff000 rw-p 00000000 00:00 0 
7fe4810ff000-7fe48132d000 ---p 00000000 00:00 0 
7fe48132d000-7fe4814ff000 rw-p 00000000 00:00 0 
7fe4814ff000-7fe48172d000 ---p 00000000 00:00 0 
7fe48172d000-7fe4818ff000 rw-p 00000000 00:00 0 
7fe4818ff000-7fe481b2d000 ---p 00000000 00:00 0 
7fe481b2d000-7fe481f55000 rw-p 00000000 00:00 0 
7fe481f55000-7fe48201d000 ---p 00000000 00:00 0 
7fe48201d000-7fe48207d000 rw-p 00000000 00:00 0 
7fe48207d000-7fe482108000 ---p 00000000 00:00 0 
7fe482108000-7fe48210b000 r--p 00000000 08:11 6820716                    /usr/lib/x86_64-linux-gnu/libnss_files-2.31.so
7fe48210b000-7fe482112000 r-xp 00003000 08:11 6820716                    /usr/lib/x86_64-linux-gnu/libnss_files-2.31.so
7fe482112000-7fe482114000 r--p 0000a000 08:11 6820716                    /usr/lib/x86_64-linux-gnu/libnss_files-2.31.so
7fe482114000-7fe482115000 r--p 0000b000 08:11 6820716                    /usr/lib/x86_64-linux-gnu/libnss_files-2.31.so
7fe482115000-7fe482116000 rw-p 0000c000 08:11 6820716                    /usr/lib/x86_64-linux-gnu/libnss_files-2.31.so
7fe482116000-7fe48211c000 rw-p 00000000 00:00 0 
7fe48211e000-7fe482120000 r--p 00000000 08:11 7141115                    /usr/lib/jvm/java-17-openjdk-amd64/lib/libmanagement.so
7fe482120000-7fe482121000 r-xp 00002000 08:11 7141115                    /usr/lib/jvm/java-17-openjdk-amd64/lib/libmanagement.so
7fe482121000-7fe482122000 r--p 00003000 08:11 7141115                    /usr/lib/jvm/java-17-openjdk-amd64/lib/libmanagement.so
7fe482122000-7fe482123000 r--p 00003000 08:11 7141115                    /usr/lib/jvm/java-17-openjdk-amd64/lib/libmanagement.so
7fe482123000-7fe482124000 rw-p 00004000 08:11 7141115                    /usr/lib/jvm/java-17-openjdk-amd64/lib/libmanagement.so
7fe482124000-7fe48212a000 rw-p 00000000 00:00 0 
7fe48212a000-7fe482130000 ---p 00000000 00:00 0 
7fe482130000-7fe48213c000 r--p 00000000 08:11 7141106                    /usr/lib/jvm/java-17-openjdk-amd64/lib/libjava.so
7fe48213c000-7fe48214f000 r-xp 0000c000 08:11 7141106                    /usr/lib/jvm/java-17-openjdk-amd64/lib/libjava.so
7fe48214f000-7fe482155000 r--p 0001f000 08:11 7141106                    /usr/lib/jvm/java-17-openjdk-amd64/lib/libjava.so
7fe482155000-7fe482156000 ---p 00025000 08:11 7141106                    /usr/lib/jvm/java-17-openjdk-amd64/lib/libjava.so
7fe482156000-7fe482157000 r--p 00025000 08:11 7141106                    /usr/lib/jvm/java-17-openjdk-amd64/lib/libjava.so
7fe482157000-7fe482158000 rw-p 00026000 08:11 7141106                    /usr/lib/jvm/java-17-openjdk-amd64/lib/libjava.so
7fe482158000-7fe482159000 rw-p 00000000 00:00 0 
7fe482159000-7fe48215a000 r--p 00000000 08:11 7141101                    /usr/lib/jvm/java-17-openjdk-amd64/lib/libinstrument.so
7fe48215a000-7fe482160000 r-xp 00001000 08:11 7141101                    /usr/lib/jvm/java-17-openjdk-amd64/lib/libinstrument.so
7fe482160000-7fe482163000 r--p 00007000 08:11 7141101                    /usr/lib/jvm/java-17-openjdk-amd64/lib/libinstrument.so
7fe482163000-7fe482164000 r--p 00009000 08:11 7141101                    /usr/lib/jvm/java-17-openjdk-amd64/lib/libinstrument.so
7fe482164000-7fe482165000 rw-p 0000a000 08:11 7141101                    /usr/lib/jvm/java-17-openjdk-amd64/lib/libinstrument.so
7fe482165000-7fe482169000 ---p 00000000 00:00 0 
7fe482169000-7fe482266000 rw-p 00000000 00:00 0 
7fe482266000-7fe482269000 r--p 00000000 08:11 6821190                    /usr/lib/x86_64-linux-gnu/libgcc_s.so.1
7fe482269000-7fe48227b000 r-xp 00003000 08:11 6821190                    /usr/lib/x86_64-linux-gnu/libgcc_s.so.1
7fe48227b000-7fe48227f000 r--p 00015000 08:11 6821190                    /usr/lib/x86_64-linux-gnu/libgcc_s.so.1
7fe48227f000-7fe482280000 r--p 00018000 08:11 6821190                    /usr/lib/x86_64-linux-gnu/libgcc_s.so.1
7fe482280000-7fe482281000 rw-p 00019000 08:11 6821190                    /usr/lib/x86_64-linux-gnu/libgcc_s.so.1
7fe482281000-7fe48228e000 r--p 00000000 08:11 6820473                    /usr/lib/x86_64-linux-gnu/libm-2.31.so
7fe48228e000-7fe482335000 r-xp 0000d000 08:11 6820473                    /usr/lib/x86_64-linux-gnu/libm-2.31.so
7fe482335000-7fe4823ce000 r--p 000b4000 08:11 6820473                    /usr/lib/x86_64-linux-gnu/libm-2.31.so
7fe4823ce000-7fe4823cf000 r--p 0014c000 08:11 6820473                    /usr/lib/x86_64-linux-gnu/libm-2.31.so
7fe4823cf000-7fe4823d0000 rw-p 0014d000 08:11 6820473                    /usr/lib/x86_64-linux-gnu/libm-2.31.so
7fe4823d0000-7fe482466000 r--p 00000000 08:11 6821166                    /usr/lib/x86_64-linux-gnu/libstdc++.so.6.0.28
7fe482466000-7fe482557000 r-xp 00096000 08:11 6821166                    /usr/lib/x86_64-linux-gnu/libstdc++.so.6.0.28
7fe482557000-7fe4825a0000 r--p 00187000 08:11 6821166                    /usr/lib/x86_64-linux-gnu/libstdc++.so.6.0.28
7fe4825a0000-7fe4825a1000 ---p 001d0000 08:11 6821166                    /usr/lib/x86_64-linux-gnu/libstdc++.so.6.0.28
7fe4825a1000-7fe4825ac000 r--p 001d0000 08:11 6821166                    /usr/lib/x86_64-linux-gnu/libstdc++.so.6.0.28
7fe4825ac000-7fe4825af000 rw-p 001db000 08:11 6821166                    /usr/lib/x86_64-linux-gnu/libstdc++.so.6.0.28
7fe4825af000-7fe4825b2000 rw-p 00000000 00:00 0 
7fe4825b2000-7fe4825b4000 r--p 00000000 08:11 6821853                    /usr/lib/x86_64-linux-gnu/librt-2.31.so
7fe4825b4000-7fe4825b8000 r-xp 00002000 08:11 6821853                    /usr/lib/x86_64-linux-gnu/librt-2.31.so
7fe4825b8000-7fe4825ba000 r--p 00006000 08:11 6821853                    /usr/lib/x86_64-linux-gnu/librt-2.31.so
7fe4825ba000-7fe4825bb000 r--p 00007000 08:11 6821853                    /usr/lib/x86_64-linux-gnu/librt-2.31.so
7fe4825bb000-7fe4825bc000 rw-p 00008000 08:11 6821853                    /usr/lib/x86_64-linux-gnu/librt-2.31.so
7fe4825bc000-7fe48280d000 r--p 00000000 08:11 7141134                    /usr/lib/jvm/java-17-openjdk-amd64/lib/server/libjvm.so
7fe48280d000-7fe483574000 r-xp 00251000 08:11 7141134                    /usr/lib/jvm/java-17-openjdk-amd64/lib/server/libjvm.so
7fe483574000-7fe4837fc000 r--p 00fb8000 08:11 7141134                    /usr/lib/jvm/java-17-openjdk-amd64/lib/server/libjvm.so
7fe4837fc000-7fe4837fd000 ---p 01240000 08:11 7141134                    /usr/lib/jvm/java-17-openjdk-amd64/lib/server/libjvm.so
7fe4837fd000-7fe4838b5000 r--p 01240000 08:11 7141134                    /usr/lib/jvm/java-17-openjdk-amd64/lib/server/libjvm.so
7fe4838b5000-7fe4838ea000 rw-p 012f8000 08:11 7141134                    /usr/lib/jvm/java-17-openjdk-amd64/lib/server/libjvm.so
7fe4838ea000-7fe483946000 rw-p 00000000 00:00 0 
7fe483946000-7fe483968000 r--p 00000000 08:11 6818770                    /usr/lib/x86_64-linux-gnu/libc-2.31.so
7fe483968000-7fe483ae0000 r-xp 00022000 08:11 6818770                    /usr/lib/x86_64-linux-gnu/libc-2.31.so
7fe483ae0000-7fe483b2e000 r--p 0019a000 08:11 6818770                    /usr/lib/x86_64-linux-gnu/libc-2.31.so
7fe483b2e000-7fe483b32000 r--p 001e7000 08:11 6818770                    /usr/lib/x86_64-linux-gnu/libc-2.31.so
7fe483b32000-7fe483b34000 rw-p 001eb000 08:11 6818770                    /usr/lib/x86_64-linux-gnu/libc-2.31.so
7fe483b34000-7fe483b38000 rw-p 00000000 00:00 0 
7fe483b38000-7fe483b39000 r--p 00000000 08:11 6820094                    /usr/lib/x86_64-linux-gnu/libdl-2.31.so
7fe483b39000-7fe483b3b000 r-xp 00001000 08:11 6820094                    /usr/lib/x86_64-linux-gnu/libdl-2.31.so
7fe483b3b000-7fe483b3c000 r--p 00003000 08:11 6820094                    /usr/lib/x86_64-linux-gnu/libdl-2.31.so
7fe483b3c000-7fe483b3d000 r--p 00003000 08:11 6820094                    /usr/lib/x86_64-linux-gnu/libdl-2.31.so
7fe483b3d000-7fe483b3e000 rw-p 00004000 08:11 6820094                    /usr/lib/x86_64-linux-gnu/libdl-2.31.so
7fe483b3e000-7fe483b44000 r--p 00000000 08:11 6821851                    /usr/lib/x86_64-linux-gnu/libpthread-2.31.so
7fe483b44000-7fe483b55000 r-xp 00006000 08:11 6821851                    /usr/lib/x86_64-linux-gnu/libpthread-2.31.so
7fe483b55000-7fe483b5b000 r--p 00017000 08:11 6821851                    /usr/lib/x86_64-linux-gnu/libpthread-2.31.so
7fe483b5b000-7fe483b5c000 r--p 0001c000 08:11 6821851                    /usr/lib/x86_64-linux-gnu/libpthread-2.31.so
7fe483b5c000-7fe483b5d000 rw-p 0001d000 08:11 6821851                    /usr/lib/x86_64-linux-gnu/libpthread-2.31.so
7fe483b5d000-7fe483b61000 rw-p 00000000 00:00 0 
7fe483b61000-7fe483b63000 r--p 00000000 08:11 7141110                    /usr/lib/jvm/java-17-openjdk-amd64/lib/libjli.so
7fe483b63000-7fe483b6d000 r-xp 00002000 08:11 7141110                    /usr/lib/jvm/java-17-openjdk-amd64/lib/libjli.so
7fe483b6d000-7fe483b70000 r--p 0000c000 08:11 7141110                    /usr/lib/jvm/java-17-openjdk-amd64/lib/libjli.so
7fe483b70000-7fe483b71000 ---p 0000f000 08:11 7141110                    /usr/lib/jvm/java-17-openjdk-amd64/lib/libjli.so
7fe483b71000-7fe483b72000 r--p 0000f000 08:11 7141110                    /usr/lib/jvm/java-17-openjdk-amd64/lib/libjli.so
7fe483b72000-7fe483b73000 rw-p 00010000 08:11 7141110                    /usr/lib/jvm/java-17-openjdk-amd64/lib/libjli.so
7fe483b73000-7fe483b75000 r--p 00000000 08:11 6816583                    /usr/lib/x86_64-linux-gnu/libz.so.1.2.11
7fe483b75000-7fe483b86000 r-xp 00002000 08:11 6816583                    /usr/lib/x86_64-linux-gnu/libz.so.1.2.11
7fe483b86000-7fe483b8c000 r--p 00013000 08:11 6816583                    /usr/lib/x86_64-linux-gnu/libz.so.1.2.11
7fe483b8c000-7fe483b8d000 ---p 00019000 08:11 6816583                    /usr/lib/x86_64-linux-gnu/libz.so.1.2.11
7fe483b8d000-7fe483b8e000 r--p 00019000 08:11 6816583                    /usr/lib/x86_64-linux-gnu/libz.so.1.2.11
7fe483b8e000-7fe483b8f000 rw-p 0001a000 08:11 6816583                    /usr/lib/x86_64-linux-gnu/libz.so.1.2.11
7fe483b8f000-7fe483b91000 rw-p 00000000 00:00 0 
7fe483b92000-7fe483b9a000 rw-s 00000000 08:11 4194853                    /tmp/hsperfdata_link-lap-12/23546
7fe483b9a000-7fe483b9b000 ---p 00000000 00:00 0 
7fe483b9b000-7fe483b9c000 r--p 00000000 00:00 0 
7fe483b9c000-7fe483b9e000 r--p 00000000 08:11 7141109                    /usr/lib/jvm/java-17-openjdk-amd64/lib/libjimage.so
7fe483b9e000-7fe483ba1000 r-xp 00002000 08:11 7141109                    /usr/lib/jvm/java-17-openjdk-amd64/lib/libjimage.so
7fe483ba1000-7fe483ba2000 r--p 00005000 08:11 7141109                    /usr/lib/jvm/java-17-openjdk-amd64/lib/libjimage.so
7fe483ba2000-7fe483ba3000 ---p 00006000 08:11 7141109                    /usr/lib/jvm/java-17-openjdk-amd64/lib/libjimage.so
7fe483ba3000-7fe483ba4000 r--p 00006000 08:11 7141109                    /usr/lib/jvm/java-17-openjdk-amd64/lib/libjimage.so
7fe483ba4000-7fe483ba5000 rw-p 00007000 08:11 7141109                    /usr/lib/jvm/java-17-openjdk-amd64/lib/libjimage.so
7fe483ba5000-7fe483ba6000 r--p 00000000 08:11 6818765                    /usr/lib/x86_64-linux-gnu/ld-2.31.so
7fe483ba6000-7fe483bc9000 r-xp 00001000 08:11 6818765                    /usr/lib/x86_64-linux-gnu/ld-2.31.so
7fe483bc9000-7fe483bd1000 r--p 00024000 08:11 6818765                    /usr/lib/x86_64-linux-gnu/ld-2.31.so
7fe483bd1000-7fe483bd2000 rwxp 00000000 00:00 0 
7fe483bd2000-7fe483bd3000 r--p 0002c000 08:11 6818765                    /usr/lib/x86_64-linux-gnu/ld-2.31.so
7fe483bd3000-7fe483bd4000 rw-p 0002d000 08:11 6818765                    /usr/lib/x86_64-linux-gnu/ld-2.31.so
7fe483bd4000-7fe483bd5000 rw-p 00000000 00:00 0 
7ffda6844000-7ffda6866000 rw-p 00000000 00:00 0                          [stack]
7ffda6922000-7ffda6926000 r--p 00000000 00:00 0                          [vvar]
7ffda6926000-7ffda6928000 r-xp 00000000 00:00 0                          [vdso]
ffffffffff600000-ffffffffff601000 --xp 00000000 00:00 0                  [vsyscall]


VM Arguments:
jvm_args: --add-opens=java.base/java.lang=ALL-UNNAMED --add-opens=java.base/java.lang.invoke=ALL-UNNAMED --add-opens=java.base/java.util=ALL-UNNAMED --add-opens=java.prefs/java.util.prefs=ALL-UNNAMED --add-exports=jdk.compiler/com.sun.tools.javac.api=ALL-UNNAMED --add-exports=jdk.compiler/com.sun.tools.javac.util=ALL-UNNAMED --add-opens=java.base/java.util=ALL-UNNAMED --add-opens=java.prefs/java.util.prefs=ALL-UNNAMED --add-opens=java.base/java.nio.charset=ALL-UNNAMED --add-opens=java.base/java.net=ALL-UNNAMED --add-opens=java.base/java.util.concurrent=ALL-UNNAMED --add-opens=java.base/java.util.concurrent.atomic=ALL-UNNAMED --add-opens=java.xml/javax.xml.namespace=ALL-UNNAMED -XX:MaxMetaspaceSize=512m -Xmx2048m -Dfile.encoding=UTF-8 -Duser.country=US -Duser.language=en -Duser.variant -javaagent:/home/link-lap-12/.gradle/wrapper/dists/gradle-9.0.0-bin/d6wjpkvcgsg3oed0qlfss3wgl/gradle-9.0.0/lib/agents/gradle-instrumentation-agent-9.0.0.jar 
java_command: org.gradle.launcher.daemon.bootstrap.GradleDaemon 9.0.0
java_class_path (initial): /home/link-lap-12/.gradle/wrapper/dists/gradle-9.0.0-bin/d6wjpkvcgsg3oed0qlfss3wgl/gradle-9.0.0/lib/gradle-daemon-main-9.0.0.jar
Launcher Type: SUN_STANDARD

[Global flags]
     intx CICompilerCount                          = 3                                         {product} {ergonomic}
   size_t CompressedClassSpaceSize                 = 436207616                                 {product} {ergonomic}
     uint ConcGCThreads                            = 1                                         {product} {ergonomic}
     uint G1ConcRefinementThreads                  = 4                                         {product} {ergonomic}
   size_t G1HeapRegionSize                         = 1048576                                   {product} {ergonomic}
    uintx GCDrainStackTargetSize                   = 64                                        {product} {ergonomic}
   size_t InitialHeapSize                          = 260046848                                 {product} {ergonomic}
   size_t MarkStackSize                            = 4194304                                   {product} {ergonomic}
   size_t MaxHeapSize                              = 2147483648                                {product} {command line}
   size_t MaxMetaspaceSize                         = 536870912                                 {product} {command line}
   size_t MaxNewSize                               = 1287651328                                {product} {ergonomic}
   size_t MinHeapDeltaBytes                        = 1048576                                   {product} {ergonomic}
   size_t MinHeapSize                              = 8388608                                   {product} {ergonomic}
    uintx NonNMethodCodeHeapSize                   = 5832780                                {pd product} {ergonomic}
    uintx NonProfiledCodeHeapSize                  = 122912730                              {pd product} {ergonomic}
    uintx ProfiledCodeHeapSize                     = 122912730                              {pd product} {ergonomic}
    uintx ReservedCodeCacheSize                    = 251658240                              {pd product} {ergonomic}
     bool SegmentedCodeCache                       = true                                      {product} {ergonomic}
   size_t SoftMaxHeapSize                          = 2147483648                             {manageable} {ergonomic}
     bool UseCompressedClassPointers               = true                           {product lp64_product} {ergonomic}
     bool UseCompressedOops                        = true                           {product lp64_product} {ergonomic}
     bool UseG1GC                                  = true                                      {product} {ergonomic}

Logging:
Log output configuration:
 #0: stdout all=warning uptime,level,tags
 #1: stderr all=off uptime,level,tags

Environment Variables:
PATH=/home/link-lap-12/.nvm/versions/node/v18.19.0/bin:/home/link-lap-12/.local/bin:/usr/local/sbin:/usr/local/bin:/usr/sbin:/usr/bin:/sbin:/bin:/usr/games:/usr/local/games:/snap/bin
USERNAME=link-lap-12
SHELL=/bin/bash
DISPLAY=:0
LANG=en_US.UTF-8
TERM=xterm-256color

Active Locale:
LC_ALL=en_US.UTF-8
LC_COLLATE=en_US.UTF-8
LC_CTYPE=en_US.UTF-8
LC_MESSAGES=en_US.UTF-8
LC_MONETARY=en_US.UTF-8
LC_NUMERIC=en_US.UTF-8
LC_TIME=en_US.UTF-8

Signal Handlers:
   SIGSEGV: crash_handler in libjvm.so, mask=11100100010111111101111111111110, flags=SA_RESTART|SA_SIGINFO, unblocked
    SIGBUS: crash_handler in libjvm.so, mask=11100100010111111101111111111110, flags=SA_RESTART|SA_SIGINFO, unblocked
    SIGFPE: crash_handler in libjvm.so, mask=11100100010111111101111111111110, flags=SA_RESTART|SA_SIGINFO, unblocked
   SIGPIPE: javaSignalHandler in libjvm.so, mask=11100100010111111101111111111110, flags=SA_RESTART|SA_SIGINFO, unblocked
   SIGXFSZ: javaSignalHandler in libjvm.so, mask=11100100010111111101111111111110, flags=SA_RESTART|SA_SIGINFO, unblocked
    SIGILL: crash_handler in libjvm.so, mask=11100100010111111101111111111110, flags=SA_RESTART|SA_SIGINFO, unblocked
   SIGUSR2: SR_handler in libjvm.so, mask=00100000000000000000000000000000, flags=SA_RESTART|SA_SIGINFO, unblocked
    SIGHUP: UserHandler in libjvm.so, mask=11100100010111111101111111111110, flags=SA_RESTART|SA_SIGINFO, unblocked
    SIGINT: UserHandler in libjvm.so, mask=11100100010111111101111111111110, flags=SA_RESTART|SA_SIGINFO, unblocked
   SIGTERM: UserHandler in libjvm.so, mask=11100100010111111101111111111110, flags=SA_RESTART|SA_SIGINFO, unblocked
   SIGQUIT: UserHandler in libjvm.so, mask=11100100010111111101111111111110, flags=SA_RESTART|SA_SIGINFO, blocked
   SIGTRAP: crash_handler in libjvm.so, mask=11100100010111111101111111111110, flags=SA_RESTART|SA_SIGINFO, unblocked


Periodic native trim disabled


---------------  S Y S T E M  ---------------

OS:
DISTRIB_ID=Ubuntu
DISTRIB_RELEASE=20.04
DISTRIB_CODENAME=focal
DISTRIB_DESCRIPTION="Ubuntu 20.04.6 LTS"
uname: Linux 5.15.0-139-generic #149~20.04.1-Ubuntu SMP Wed Apr 16 08:29:56 UTC 2025 x86_64
OS uptime: 0 days 4:00 hours
libc: glibc 2.31 NPTL 2.31 
rlimit (soft/hard): STACK 8192k/infinity , CORE 0k/infinity , NPROC 62791/62791 , NOFILE 1048576/1048576 , AS infinity/infinity , CPU infinity/infinity , DATA infinity/infinity , FSIZE infinity/infinity , MEMLOCK 65536k/65536k
load average: 6.71 3.97 1.95

/proc/meminfo:
MemTotal:       16174000 kB
MemFree:          346940 kB
MemAvailable:    5663048 kB
Buffers:          475516 kB
Cached:          5584136 kB
SwapCached:         3496 kB
Active:          3413148 kB
Inactive:       11376020 kB
Active(anon):     295568 kB
Inactive(anon):  9368176 kB
Active(file):    3117580 kB
Inactive(file):  2007844 kB
Unevictable:       33580 kB
Mlocked:              64 kB
SwapTotal:      34180092 kB
SwapFree:       33933804 kB
Dirty:             10604 kB
Writeback:             0 kB
AnonPages:       8759724 kB
Mapped:           750764 kB
Shmem:            934224 kB
KReclaimable:     542616 kB
Slab:             762412 kB
SReclaimable:     542616 kB
SUnreclaim:       219796 kB
KernelStack:       23552 kB
PageTables:        96772 kB
NFS_Unstable:          0 kB
Bounce:                0 kB
WritebackTmp:          0 kB
CommitLimit:    42267092 kB
Committed_AS:   39243820 kB
VmallocTotal:   34359738367 kB
VmallocUsed:       60760 kB
VmallocChunk:          0 kB
Percpu:             4560 kB
HardwareCorrupted:     0 kB
AnonHugePages:         0 kB
ShmemHugePages:        0 kB
ShmemPmdMapped:        0 kB
FileHugePages:         0 kB
FilePmdMapped:         0 kB
HugePages_Total:       0
HugePages_Free:        0
HugePages_Rsvd:        0
HugePages_Surp:        0
Hugepagesize:       2048 kB
Hugetlb:               0 kB
DirectMap4k:      572796 kB
DirectMap2M:    16005120 kB
DirectMap1G:     1048576 kB

/sys/kernel/mm/transparent_hugepage/enabled: always [madvise] never
/sys/kernel/mm/transparent_hugepage/hpage_pmd_size: 2097152
/sys/kernel/mm/transparent_hugepage/defrag (defrag/compaction efforts parameter): always defer defer+madvise [madvise] never

Process Memory:
Virtual Size: 5506028K (peak: 5509832K)
Resident Set Size: 1522192K (peak: 1522192K) (anon: 1487612K, file: 34580K, shmem: 0K)
Swapped out: 0K
C-Heap outstanding allocations: 153121K, retained: 145762K
glibc malloc tunables: (default)

/proc/sys/kernel/threads-max (system-wide limit on the number of threads): 125583
/proc/sys/vm/max_map_count (maximum number of memory map areas a process may have): 65530
/proc/sys/vm/swappiness (control to define how aggressively the kernel swaps out anonymous memory): 60
/proc/sys/kernel/pid_max (system-wide limit on number of process identifiers): 4194304

container (cgroup) information:
container_type: cgroupv1
cpu_cpuset_cpus: 0-3
cpu_memory_nodes: 0
active_processor_count: 4
cpu_quota: no quota
cpu_period: 100000
cpu_shares: no shares
memory_limit_in_bytes: unlimited
memory_and_swap_limit_in_bytes: unlimited
memory_soft_limit_in_bytes: unlimited
memory_usage_in_bytes: 14342276 k
memory_max_usage_in_bytes: 14656632 k
kernel_memory_limit_in_bytes: unlimited
kernel_memory_usage_in_bytes: 524840 k
kernel_memory_max_usage_in_bytes: 840316 k
maximum number of tasks: unlimited
current number of tasks: 1196

Steal ticks since vm start: 0
Steal ticks percentage since vm start:  0.000

CPU: total 4 (initial active 4) (2 cores per cpu, 2 threads per core) family 6 model 142 stepping 12 microcode 0x100, cx8, cmov, fxsr, ht, mmx, 3dnowpref, sse, sse2, sse3, ssse3, sse4.1, sse4.2, popcnt, lzcnt, tsc, tscinvbit, avx, avx2, aes, erms, clmul, bmi1, bmi2, adx, fma, vzeroupper, clflush, clflushopt
CPU Model and flags from /proc/cpuinfo:
model name	: Intel(R) Core(TM) i3-10110U CPU @ 2.10GHz
flags		: fpu vme de pse tsc msr pae mce cx8 apic sep mtrr pge mca cmov pat pse36 clflush dts acpi mmx fxsr sse sse2 ss ht tm pbe syscall nx pdpe1gb rdtscp lm constant_tsc art arch_perfmon pebs bts rep_good nopl xtopology nonstop_tsc cpuid aperfmperf pni pclmulqdq dtes64 monitor ds_cpl vmx est tm2 ssse3 sdbg fma cx16 xtpr pdcm pcid sse4_1 sse4_2 x2apic movbe popcnt tsc_deadline_timer aes xsave avx f16c rdrand lahf_lm abm 3dnowprefetch cpuid_fault epb invpcid_single ssbd ibrs ibpb stibp ibrs_enhanced tpr_shadow vnmi flexpriority ept vpid ept_ad fsgsbase tsc_adjust bmi1 avx2 smep bmi2 erms invpcid mpx rdseed adx smap clflushopt intel_pt xsaveopt xsavec xgetbv1 xsaves dtherm ida arat pln pts hwp hwp_notify hwp_act_window hwp_epp md_clear flush_l1d arch_capabilities

Online cpus: 0-3
Offline cpus: 
BIOS frequency limitation: <Not Available>
Frequency switch latency (ns): 0
Available cpu frequencies: <Not Available>
Current governor: powersave
Core performance/turbo boost: <Not Available>

Memory: 4k page, physical 16174000k(346940k free), swap 34180092k(33933804k free)
Page Sizes: 4k

vm_info: OpenJDK 64-Bit Server VM (17.0.15+6-Ubuntu-0ubuntu120.04) for linux-amd64 JRE (17.0.15+6-Ubuntu-0ubuntu120.04), built on Apr 21 2025 05:43:11 by "buildd" with gcc 10.5.0

END.
